<?xml version="1.0" encoding="UTF-8" standalone="yes"?>
<simulationSetupInfo creationDate="2007-06-15-07:00" setupName="testJAXB" version="0.1" xmlns="http://www.cgtechnical.com/ami/simulationSetupInfo/sins">
    <simulationSetup>
        <general>
            <exportFilename>IntrinsicP2-SCN0204</exportFilename>
            <gravityVectorMeterPerSec2>
                <ns1:x xmlns:ns1="http://www.cgtechnical.com/ami/genericModel/mstns">0.0</ns1:x>
                <ns2:y xmlns:ns2="http://www.cgtechnical.com/ami/genericModel/mstns">-9.81</ns2:y>
                <ns3:z xmlns:ns3="http://www.cgtechnical.com/ami/genericModel/mstns">0.0</ns3:z>
            </gravityVectorMeterPerSec2>
        </general>
        <setup>
		<component>
                <jointName>Little Medial__Little Distal</jointName>
                <jointId>
                    <ns4:componentType xmlns:ns4="http://www.cgtechnical.com/ami/genericModel/mstns">J</ns4:componentType>
                    <ns5:componentNumber xmlns:ns5="http://www.cgtechnical.com/ami/genericModel/mstns">1114</ns5:componentNumber>
                </jointId>
                <seqNum>32</seqNum>
                <simulationType>Physics-based</simulationType>
                <degreeOfFreedom>
                    <name>Little Medial__Little Distal</name>
                    <initialPositionMOrRad>0.0</initialPositionMOrRad>
                    <velocityMeterPerSecOrRadPerSec>0.0</velocityMeterPerSecOrRadPerSec>
                </degreeOfFreedom>
            </component>
            <component>
                <jointName>SHOULDER GEARMOTOR__SHOULDER TO HR</jointName>
                <jointId>
                    <ns6:componentType xmlns:ns6="http://www.cgtechnical.com/ami/genericModel/mstns">J</ns6:componentType>
                    <ns7:componentNumber xmlns:ns7="http://www.cgtechnical.com/ami/genericModel/mstns">1124</ns7:componentNumber>
                </jointId>
                <seqNum>12</seqNum>
                <simulationType>Physics-based</simulationType>
                <degreeOfFreedom>
                    <name>Shoulder AdAb</name>
                    <initialPositionMOrRad>0.0</initialPositionMOrRad>
                    <velocityMeterPerSecOrRadPerSec>0.0</velocityMeterPerSecOrRadPerSec>
                </degreeOfFreedom>
            </component>
            <component>
                <jointName>MCP Index Finger__Index Proximal</jointName>
                <jointId>
                    <ns8:componentType xmlns:ns8="http://www.cgtechnical.com/ami/genericModel/mstns">J</ns8:componentType>
                    <ns9:componentNumber xmlns:ns9="http://www.cgtechnical.com/ami/genericModel/mstns">1115</ns9:componentNumber>
                </jointId>
                <seqNum>19</seqNum>
                <simulationType>Physics-based</simulationType>
                <degreeOfFreedom>
                    <name>MCP Index Finger__Index Proximal</name>
                    <initialPositionMOrRad>0.0</initialPositionMOrRad>
                    <velocityMeterPerSecOrRadPerSec>0.0</velocityMeterPerSecOrRadPerSec>
                </degreeOfFreedom>
            </component>
            <component>
                <jointName>Wrist Flex Assembly__Palm Assembly</jointName>
                <jointId>
                    <ns10:componentType xmlns:ns10="http://www.cgtechnical.com/ami/genericModel/mstns">J</ns10:componentType>
                    <ns11:componentNumber xmlns:ns11="http://www.cgtechnical.com/ami/genericModel/mstns">1121</ns11:componentNumber>
                </jointId>
                <seqNum>16</seqNum>
                <simulationType>Physics-based</simulationType>
                <degreeOfFreedom>
                    <name>Wrist FE</name>
                    <initialPositionMOrRad>0.0</initialPositionMOrRad>
                    <velocityMeterPerSecOrRadPerSec>0.0</velocityMeterPerSecOrRadPerSec>
                </degreeOfFreedom>
            </component>
            <component>
                <jointName>Middle Medial__Middle Distal</jointName>
                <jointId>
                    <ns12:componentType xmlns:ns12="http://www.cgtechnical.com/ami/genericModel/mstns">J</ns12:componentType>
                    <ns13:componentNumber xmlns:ns13="http://www.cgtechnical.com/ami/genericModel/mstns">113</ns13:componentNumber>
                </jointId>
                <seqNum>24</seqNum>
                <simulationType>Physics-based</simulationType>
                <degreeOfFreedom>
                    <name>Middle Medial__Middle Distal</name>
                    <initialPositionMOrRad>0.0</initialPositionMOrRad>
                    <velocityMeterPerSecOrRadPerSec>0.0</velocityMeterPerSecOrRadPerSec>
                </degreeOfFreedom>
            </component>
            <component>
                <jointName>Ring Medial__Ring Distal</jointName>
                <jointId>
                    <ns16:componentType xmlns:ns16="http://www.cgtechnical.com/ami/genericModel/mstns">J</ns16:componentType>
                    <ns17:componentNumber xmlns:ns17="http://www.cgtechnical.com/ami/genericModel/mstns">114</ns17:componentNumber>
                </jointId>
                <seqNum>28</seqNum>
                <simulationType>Physics-based</simulationType>
                <degreeOfFreedom>
                    <name>Ring Medial__Ring Distal</name>
                    <initialPositionMOrRad>0.0</initialPositionMOrRad>
                    <velocityMeterPerSecOrRadPerSec>0.0</velocityMeterPerSecOrRadPerSec>
                </degreeOfFreedom>
            </component>
            <component>
                <jointName>INTRINSIC HR TO ELBOW__INTRINSIC ELBOW OUTPUT TO WRIST ASSEMBLY</jointName>
                <jointId>
                    <ns18:componentType xmlns:ns18="http://www.cgtechnical.com/ami/genericModel/mstns">J</ns18:componentType>
                    <ns19:componentNumber xmlns:ns19="http://www.cgtechnical.com/ami/genericModel/mstns">1126</ns19:componentNumber>
                </jointId>
                <seqNum>14</seqNum>
                <simulationType>Physics-based</simulationType>
                <degreeOfFreedom>
                    <name>ElbowFE</name>
                    <initialPositionMOrRad>0.0</initialPositionMOrRad>
                    <velocityMeterPerSecOrRadPerSec>0.0</velocityMeterPerSecOrRadPerSec>
                </degreeOfFreedom>
            </component>
            <component>
                <jointName>SHOULDER TO HR__INTRINSIC HR TO ELBOW</jointName>
                <jointId>
                    <ns22:componentType xmlns:ns22="http://www.cgtechnical.com/ami/genericModel/mstns">J</ns22:componentType>
                    <ns23:componentNumber xmlns:ns23="http://www.cgtechnical.com/ami/genericModel/mstns">1125</ns23:componentNumber>
                </jointId>
                <seqNum>13</seqNum>
                <simulationType>Physics-based</simulationType>
                <degreeOfFreedom>
                    <name>HumeralRot</name>
                    <initialPositionMOrRad>0.0</initialPositionMOrRad>
                    <velocityMeterPerSecOrRadPerSec>0.0</velocityMeterPerSecOrRadPerSec>
                </degreeOfFreedom>
            </component>
            <component>
                <jointName>baseJoint</jointName>
                <jointId>
                    <ns24:componentType xmlns:ns24="http://www.cgtechnical.com/ami/genericModel/mstns">J</ns24:componentType>
                    <ns25:componentNumber xmlns:ns25="http://www.cgtechnical.com/ami/genericModel/mstns">43</ns25:componentNumber>
                </jointId>
                <seqNum>1</seqNum>
                <simulationType>Physics-based</simulationType>
                <degreeOfFreedom>
                    <name>BJdof1</name>
                    <initialPositionMOrRad>0.0</initialPositionMOrRad>
                    <velocityMeterPerSecOrRadPerSec>0.0</velocityMeterPerSecOrRadPerSec>
                </degreeOfFreedom>
            </component>
            <component>
                <jointName>MCP Little Finger__Little Finger Proximal</jointName>
                <jointId>
                    <ns26:componentType xmlns:ns26="http://www.cgtechnical.com/ami/genericModel/mstns">J</ns26:componentType>
                    <ns27:componentNumber xmlns:ns27="http://www.cgtechnical.com/ami/genericModel/mstns">1111</ns27:componentNumber>
                </jointId>
                <seqNum>30</seqNum>
                <simulationType>Physics-based</simulationType>
                <degreeOfFreedom>
                    <name>MCP Little Finger__Little Finger Proximal</name>
                    <initialPositionMOrRad>0.0</initialPositionMOrRad>
                    <velocityMeterPerSecOrRadPerSec>0.0</velocityMeterPerSecOrRadPerSec>
                </degreeOfFreedom>
            </component>
            <component>
                <jointName>MCP Middle Finger__Middle Proximal</jointName>
                <jointId>
                    <ns28:componentType xmlns:ns28="http://www.cgtechnical.com/ami/genericModel/mstns">J</ns28:componentType>
                    <ns29:componentNumber xmlns:ns29="http://www.cgtechnical.com/ami/genericModel/mstns">1116</ns29:componentNumber>
                </jointId>
                <seqNum>22</seqNum>
                <simulationType>Physics-based</simulationType>
                <degreeOfFreedom>
                    <name>MCP Middle Finger__Middle Proximal</name>
                    <initialPositionMOrRad>0.0</initialPositionMOrRad>
                    <velocityMeterPerSecOrRadPerSec>0.0</velocityMeterPerSecOrRadPerSec>
                </degreeOfFreedom>
            </component>
            <component>
                <jointName>INTRINSIC ELBOW OUTPUT TO WRIST__Wrist Rotator</jointName>
                <jointId>
                    <ns30:componentType xmlns:ns30="http://www.cgtechnical.com/ami/genericModel/mstns">J</ns30:componentType>
                    <ns31:componentNumber xmlns:ns31="http://www.cgtechnical.com/ami/genericModel/mstns">1117</ns31:componentNumber>
                </jointId>
                <seqNum>38</seqNum>
                <simulationType>Physics-based</simulationType>
            </component>
            <component>
                <jointName>RadioUlnar</jointName>
                <jointId>
                    <ns32:componentType xmlns:ns32="http://www.cgtechnical.com/ami/genericModel/mstns">J</ns32:componentType>
                    <ns33:componentNumber xmlns:ns33="http://www.cgtechnical.com/ami/genericModel/mstns">38</ns33:componentNumber>
                </jointId>
                <seqNum>7</seqNum>
                <simulationType>Physics-based</simulationType>
                <degreeOfFreedom>
                    <name>RU_PS</name>
                    <initialPositionMOrRad>0.0</initialPositionMOrRad>
                    <velocityMeterPerSecOrRadPerSec>0.0</velocityMeterPerSecOrRadPerSec>
                </degreeOfFreedom>
            </component>
            <component>
                <jointName>Wrist Deviation__Wrist Flex</jointName>
                <jointId>
                    <ns34:componentType xmlns:ns34="http://www.cgtechnical.com/ami/genericModel/mstns">J</ns34:componentType>
                    <ns35:componentNumber xmlns:ns35="http://www.cgtechnical.com/ami/genericModel/mstns">112</ns35:componentNumber>
                </jointId>
                <seqNum>17</seqNum>
                <simulationType>Physics-based</simulationType>
                <degreeOfFreedom>
                    <name>Wrist Dev</name>
                    <initialPositionMOrRad>0.0</initialPositionMOrRad>
                    <velocityMeterPerSecOrRadPerSec>0.0</velocityMeterPerSecOrRadPerSec>
                </degreeOfFreedom>
            </component>
            <component>
                <jointName>TorsoJoint</jointName>
                <jointId>
                    <ns36:componentType xmlns:ns36="http://www.cgtechnical.com/ami/genericModel/mstns">J</ns36:componentType>
                    <ns37:componentNumber xmlns:ns37="http://www.cgtechnical.com/ami/genericModel/mstns">44</ns37:componentNumber>
                </jointId>
                <seqNum>2</seqNum>
                <simulationType>Physics-based</simulationType>
                <degreeOfFreedom>
                    <name>xrot</name>
                    <initialPositionMOrRad>0.0</initialPositionMOrRad>
                    <velocityMeterPerSecOrRadPerSec>0.0</velocityMeterPerSecOrRadPerSec>
                </degreeOfFreedom>
                <degreeOfFreedom>
                    <name>yrot</name>
                    <initialPositionMOrRad>0.0</initialPositionMOrRad>
                    <velocityMeterPerSecOrRadPerSec>0.0</velocityMeterPerSecOrRadPerSec>
                </degreeOfFreedom>
                <degreeOfFreedom>
                    <name>zrot</name>
                    <initialPositionMOrRad>0.0</initialPositionMOrRad>
                    <velocityMeterPerSecOrRadPerSec>0.0</velocityMeterPerSecOrRadPerSec>
                </degreeOfFreedom>
            </component>
            <component>
                <jointName>MCP Ring Finger__Ring Proximal</jointName>
                <jointId>
                    <ns40:componentType xmlns:ns40="http://www.cgtechnical.com/ami/genericModel/mstns">J</ns40:componentType>
                    <ns41:componentNumber xmlns:ns41="http://www.cgtechnical.com/ami/genericModel/mstns">1128</ns41:componentNumber>
                </jointId>
                <seqNum>26</seqNum>
                <simulationType>Physics-based</simulationType>
                <degreeOfFreedom>
                    <name>Gen Proximal-5--MCP Ring Finger Assembly 2-2</name>
                    <initialPositionMOrRad>0.0</initialPositionMOrRad>
                    <velocityMeterPerSecOrRadPerSec>0.0</velocityMeterPerSecOrRadPerSec>
                </degreeOfFreedom>
            </component>
            <component>
                <jointName>Middle Proximal__Middle Medial</jointName>
                <jointId>
                    <ns42:componentType xmlns:ns42="http://www.cgtechnical.com/ami/genericModel/mstns">J</ns42:componentType>
                    <ns43:componentNumber xmlns:ns43="http://www.cgtechnical.com/ami/genericModel/mstns">118</ns43:componentNumber>
                </jointId>
                <seqNum>23</seqNum>
                <simulationType>Physics-based</simulationType>
                <degreeOfFreedom>
                    <name>Middle Proximal__Middle Medial</name>
                    <initialPositionMOrRad>0.0</initialPositionMOrRad>
                    <velocityMeterPerSecOrRadPerSec>0.0</velocityMeterPerSecOrRadPerSec>
                </degreeOfFreedom>
            </component>
            <component>
                <jointName>Palm Assembly__MCP Little Finger</jointName>
                <jointId>
                    <ns44:componentType xmlns:ns44="http://www.cgtechnical.com/ami/genericModel/mstns">J</ns44:componentType>
                    <ns45:componentNumber xmlns:ns45="http://www.cgtechnical.com/ami/genericModel/mstns">1119</ns45:componentNumber>
                </jointId>
                <seqNum>29</seqNum>
                <simulationType>Physics-based</simulationType>
                <degreeOfFreedom>
                    <name>Palm Assembly__MCP Little Finger</name>
                    <initialPositionMOrRad>0.0</initialPositionMOrRad>
                    <velocityMeterPerSecOrRadPerSec>0.0</velocityMeterPerSecOrRadPerSec>
                </degreeOfFreedom>
            </component>
            <component>
                <jointName>Thumb Proximal__Thumb Medial Cover</jointName>
                <jointId>
                    <ns48:componentType xmlns:ns48="http://www.cgtechnical.com/ami/genericModel/mstns">J</ns48:componentType>
                    <ns49:componentNumber xmlns:ns49="http://www.cgtechnical.com/ami/genericModel/mstns">117</ns49:componentNumber>
                </jointId>
                <seqNum>35</seqNum>
                <simulationType>Physics-based</simulationType>
                <degreeOfFreedom>
                    <name>Thumb Proximal__Thumb Medial Cover</name>
                    <initialPositionMOrRad>0.0</initialPositionMOrRad>
                    <velocityMeterPerSecOrRadPerSec>0.0</velocityMeterPerSecOrRadPerSec>
                </degreeOfFreedom>
            </component>
            <component>
                <jointName>Thumb Medial Cover__Distal Cover</jointName>
                <jointId>
                    <ns50:componentType xmlns:ns50="http://www.cgtechnical.com/ami/genericModel/mstns">J</ns50:componentType>
                    <ns51:componentNumber xmlns:ns51="http://www.cgtechnical.com/ami/genericModel/mstns">116</ns51:componentNumber>
                </jointId>
                <seqNum>36</seqNum>
                <simulationType>Physics-based</simulationType>
                <degreeOfFreedom>
                    <name>Thumb Medial Cover__Distal Cover</name>
                    <initialPositionMOrRad>0.0</initialPositionMOrRad>
                    <velocityMeterPerSecOrRadPerSec>0.0</velocityMeterPerSecOrRadPerSec>
                </degreeOfFreedom>
            </component>
            <component>
                <jointName>SHOULDER TO SOCKET__SHOULDER GEARMOTOR ASSEMBLY</jointName>
                <jointId>
                    <ns54:componentType xmlns:ns54="http://www.cgtechnical.com/ami/genericModel/mstns">J</ns54:componentType>
                    <ns55:componentNumber xmlns:ns55="http://www.cgtechnical.com/ami/genericModel/mstns">1127</ns55:componentNumber>
                </jointId>
                <seqNum>11</seqNum>
                <simulationType>Physics-based</simulationType>
                <degreeOfFreedom>
                    <name>ShoulderFE</name>
                    <initialPositionMOrRad>0.0</initialPositionMOrRad>
                    <velocityMeterPerSecOrRadPerSec>0.0</velocityMeterPerSecOrRadPerSec>
                </degreeOfFreedom>
            </component>
            <component>
                <jointName>Thumb Roll__Thumb Proximal</jointName>
                <jointId>
                    <ns56:componentType xmlns:ns56="http://www.cgtechnical.com/ami/genericModel/mstns">J</ns56:componentType>
                    <ns57:componentNumber xmlns:ns57="http://www.cgtechnical.com/ami/genericModel/mstns">119</ns57:componentNumber>
                </jointId>
                <seqNum>34</seqNum>
                <simulationType>Physics-based</simulationType>
                <degreeOfFreedom>
                    <name>Thumb Roll__Thumb Proximal</name>
                    <initialPositionMOrRad>0.0</initialPositionMOrRad>
                    <velocityMeterPerSecOrRadPerSec>0.0</velocityMeterPerSecOrRadPerSec>
                </degreeOfFreedom>
            </component>
            <component>
                <jointName>Palm Assembly___MCP Middle Finger</jointName>
                <jointId>
                    <ns58:componentType xmlns:ns58="http://www.cgtechnical.com/ami/genericModel/mstns">J</ns58:componentType>
                    <ns59:componentNumber xmlns:ns59="http://www.cgtechnical.com/ami/genericModel/mstns">1120</ns59:componentNumber>
                </jointId>
                <seqNum>40</seqNum>
                <simulationType>Physics-based</simulationType>
            </component>
            <component>
                <jointName>Index Proximal__Index Medial</jointName>
                <jointId>
                    <ns60:componentType xmlns:ns60="http://www.cgtechnical.com/ami/genericModel/mstns">J</ns60:componentType>
                    <ns61:componentNumber xmlns:ns61="http://www.cgtechnical.com/ami/genericModel/mstns">1113</ns61:componentNumber>
                </jointId>
                <seqNum>20</seqNum>
                <simulationType>Physics-based</simulationType>
                <degreeOfFreedom>
                    <name>Index Proximal__Index Medial</name>
                    <initialPositionMOrRad>0.0</initialPositionMOrRad>
                    <velocityMeterPerSecOrRadPerSec>0.0</velocityMeterPerSecOrRadPerSec>
                </degreeOfFreedom>
            </component>
            <component>
                <jointName>Ring Medial__Ring Proximal</jointName>
                <jointId>
                    <ns62:componentType xmlns:ns62="http://www.cgtechnical.com/ami/genericModel/mstns">J</ns62:componentType>
                    <ns63:componentNumber xmlns:ns63="http://www.cgtechnical.com/ami/genericModel/mstns">115</ns63:componentNumber>
                </jointId>
                <seqNum>27</seqNum>
                <simulationType>Physics-based</simulationType>
                <degreeOfFreedom>
                    <name>Ring Medial__Ring Proximal</name>
                    <initialPositionMOrRad>0.0</initialPositionMOrRad>
                    <velocityMeterPerSecOrRadPerSec>0.0</velocityMeterPerSecOrRadPerSec>
                </degreeOfFreedom>
            </component>
            <component>
                <jointName>RadioCarpal</jointName>
                <jointId>
                    <ns64:componentType xmlns:ns64="http://www.cgtechnical.com/ami/genericModel/mstns">J</ns64:componentType>
                    <ns65:componentNumber xmlns:ns65="http://www.cgtechnical.com/ami/genericModel/mstns">37</ns65:componentNumber>
                </jointId>
                <seqNum>8</seqNum>
                <simulationType>Physics-based</simulationType>
                <degreeOfFreedom>
                    <name>RC_URD</name>
                    <initialPositionMOrRad>0.0</initialPositionMOrRad>
                    <velocityMeterPerSecOrRadPerSec>0.0</velocityMeterPerSecOrRadPerSec>
                </degreeOfFreedom>
                <degreeOfFreedom>
                    <name>RC_FE</name>
                    <initialPositionMOrRad>0.0</initialPositionMOrRad>
                    <velocityMeterPerSecOrRadPerSec>0.0</velocityMeterPerSecOrRadPerSec>
                </degreeOfFreedom>
            </component>
            <component>
                <jointName>GlenoHumeral</jointName>
                <jointId>
                    <ns66:componentType xmlns:ns66="http://www.cgtechnical.com/ami/genericModel/mstns">J</ns66:componentType>
                    <ns67:componentNumber xmlns:ns67="http://www.cgtechnical.com/ami/genericModel/mstns">36</ns67:componentNumber>
                </jointId>
                <seqNum>5</seqNum>
                <simulationType>Physics-based</simulationType>
                <degreeOfFreedom>
                    <name>GH_ABAD</name>
                    <initialPositionMOrRad>0.0</initialPositionMOrRad>
                    <velocityMeterPerSecOrRadPerSec>0.0</velocityMeterPerSecOrRadPerSec>
                </degreeOfFreedom>
                <degreeOfFreedom>
                    <name>GH_FE</name>
                    <initialPositionMOrRad>0.0</initialPositionMOrRad>
                    <velocityMeterPerSecOrRadPerSec>0.0</velocityMeterPerSecOrRadPerSec>
                </degreeOfFreedom>
                <degreeOfFreedom>
                    <name>GH_IER</name>
                    <initialPositionMOrRad>0.0</initialPositionMOrRad>
                    <velocityMeterPerSecOrRadPerSec>0.0</velocityMeterPerSecOrRadPerSec>
                </degreeOfFreedom>
            </component>
            <component>
                <jointName>Palm Assembly__MCP Index Finger</jointName>
                <jointId>
                    <ns70:componentType xmlns:ns70="http://www.cgtechnical.com/ami/genericModel/mstns">J</ns70:componentType>
                    <ns71:componentNumber xmlns:ns71="http://www.cgtechnical.com/ami/genericModel/mstns">1123</ns71:componentNumber>
                </jointId>
                <seqNum>18</seqNum>
                <simulationType>Physics-based</simulationType>
                <degreeOfFreedom>
                    <name>Palm Assembly__MCP Index Finger</name>
                    <initialPositionMOrRad>0.0</initialPositionMOrRad>
                    <velocityMeterPerSecOrRadPerSec>0.0</velocityMeterPerSecOrRadPerSec>
                </degreeOfFreedom>
            </component>
            <component>
                <jointName>Wrist Rotator__Wrist Deviation</jointName>
                <jointId>
                    <ns72:componentType xmlns:ns72="http://www.cgtechnical.com/ami/genericModel/mstns">J</ns72:componentType>
                    <ns73:componentNumber xmlns:ns73="http://www.cgtechnical.com/ami/genericModel/mstns">111</ns73:componentNumber>
                </jointId>
                <seqNum>15</seqNum>
                <simulationType>Physics-based</simulationType>
                <degreeOfFreedom>
                    <name>WristRotation</name>
                    <initialPositionMOrRad>0.0</initialPositionMOrRad>
                    <velocityMeterPerSecOrRadPerSec>0.0</velocityMeterPerSecOrRadPerSec>
                </degreeOfFreedom>
            </component>
            <component>
                <jointName>Neck</jointName>
                <jointId>
                    <ns74:componentType xmlns:ns74="http://www.cgtechnical.com/ami/genericModel/mstns">J</ns74:componentType>
                    <ns75:componentNumber xmlns:ns75="http://www.cgtechnical.com/ami/genericModel/mstns">41</ns75:componentNumber>
                </jointId>
                <seqNum>3</seqNum>
                <simulationType>Physics-based</simulationType>
                <degreeOfFreedom>
                    <name>Ndof1</name>
                    <initialPositionMOrRad>0.0</initialPositionMOrRad>
                    <velocityMeterPerSecOrRadPerSec>0.0</velocityMeterPerSecOrRadPerSec>
                </degreeOfFreedom>
                <degreeOfFreedom>
                    <name>Ndof2</name>
                    <initialPositionMOrRad>0.0</initialPositionMOrRad>
                    <velocityMeterPerSecOrRadPerSec>0.0</velocityMeterPerSecOrRadPerSec>
                </degreeOfFreedom>
                <degreeOfFreedom>
                    <name>Ndof3</name>
                    <initialPositionMOrRad>0.0</initialPositionMOrRad>
                    <velocityMeterPerSecOrRadPerSec>0.0</velocityMeterPerSecOrRadPerSec>
                </degreeOfFreedom>
            </component>
            <component>
                <jointName>Little Medial__Little Proximal</jointName>
                <jointId>
                    <ns76:componentType xmlns:ns76="http://www.cgtechnical.com/ami/genericModel/mstns">J</ns76:componentType>
                    <ns77:componentNumber xmlns:ns77="http://www.cgtechnical.com/ami/genericModel/mstns">1110</ns77:componentNumber>
                </jointId>
                <seqNum>31</seqNum>
                <simulationType>Physics-based</simulationType>
                <degreeOfFreedom>
                    <name>Little Medial__Little Proximal</name>
                    <initialPositionMOrRad>0.0</initialPositionMOrRad>
                    <velocityMeterPerSecOrRadPerSec>0.0</velocityMeterPerSecOrRadPerSec>
                </degreeOfFreedom>
            </component>
            <component>
                <jointName>Palm Assembly__Thumb Roll</jointName>
                <jointId>
                    <ns78:componentType xmlns:ns78="http://www.cgtechnical.com/ami/genericModel/mstns">J</ns78:componentType>
                    <ns79:componentNumber xmlns:ns79="http://www.cgtechnical.com/ami/genericModel/mstns">1118</ns79:componentNumber>
                </jointId>
                <seqNum>33</seqNum>
                <simulationType>Physics-based</simulationType>
                <degreeOfFreedom>
                    <name>Palm Assembly__Thumb Roll</name>
                    <initialPositionMOrRad>0.0</initialPositionMOrRad>
                    <velocityMeterPerSecOrRadPerSec>0.0</velocityMeterPerSecOrRadPerSec>
                </degreeOfFreedom>
            </component>
            <component>
                <jointName>SocketToShoulder</jointName>
                <jointId>
                    <ns82:componentType xmlns:ns82="http://www.cgtechnical.com/ami/genericModel/mstns">J</ns82:componentType>
                    <ns83:componentNumber xmlns:ns83="http://www.cgtechnical.com/ami/genericModel/mstns">1129</ns83:componentNumber>
                </jointId>
                <seqNum>10</seqNum>
                <simulationType>Physics-based</simulationType>
                <degreeOfFreedom>
                    <name>SocketToShoulder</name>
                    <initialPositionMOrRad>0.0</initialPositionMOrRad>
                    <velocityMeterPerSecOrRadPerSec>0.0</velocityMeterPerSecOrRadPerSec>
                </degreeOfFreedom>
            </component>
            <component>
                <jointName>SternoClavicular</jointName>
                <jointId>
                    <ns84:componentType xmlns:ns84="http://www.cgtechnical.com/ami/genericModel/mstns">J</ns84:componentType>
                    <ns85:componentNumber xmlns:ns85="http://www.cgtechnical.com/ami/genericModel/mstns">39</ns85:componentNumber>
                </jointId>
                <seqNum>4</seqNum>
                <simulationType>Physics-based</simulationType>
                <degreeOfFreedom>
                    <name>SC_DE</name>
                    <initialPositionMOrRad>0.0</initialPositionMOrRad>
                    <velocityMeterPerSecOrRadPerSec>0.0</velocityMeterPerSecOrRadPerSec>
                </degreeOfFreedom>
                <degreeOfFreedom>
                    <name>SC_PR</name>
                    <initialPositionMOrRad>0.0</initialPositionMOrRad>
                    <velocityMeterPerSecOrRadPerSec>0.0</velocityMeterPerSecOrRadPerSec>
                </degreeOfFreedom>
            </component>
            <component>
                <jointName>Index Medial__Index Distal</jointName>
                <jointId>
                    <ns86:componentType xmlns:ns86="http://www.cgtechnical.com/ami/genericModel/mstns">J</ns86:componentType>
                    <ns87:componentNumber xmlns:ns87="http://www.cgtechnical.com/ami/genericModel/mstns">1112</ns87:componentNumber>
                </jointId>
                <seqNum>21</seqNum>
                <simulationType>Physics-based</simulationType>
                <degreeOfFreedom>
                    <name>Index Medial__Index Distal</name>
                    <initialPositionMOrRad>0.0</initialPositionMOrRad>
                    <velocityMeterPerSecOrRadPerSec>0.0</velocityMeterPerSecOrRadPerSec>
                </degreeOfFreedom>
            </component>
            <component>
                <jointName>SternoClavicularR</jointName>
                <jointId>
                    <ns88:componentType xmlns:ns88="http://www.cgtechnical.com/ami/genericModel/mstns">J</ns88:componentType>
                    <ns89:componentNumber xmlns:ns89="http://www.cgtechnical.com/ami/genericModel/mstns">40</ns89:componentNumber>
                </jointId>
                <seqNum>9</seqNum>
                <simulationType>Physics-based</simulationType>
                <degreeOfFreedom>
                    <name>SC_DE_L</name>
                    <initialPositionMOrRad>0.0</initialPositionMOrRad>
                    <velocityMeterPerSecOrRadPerSec>0.0</velocityMeterPerSecOrRadPerSec>
                </degreeOfFreedom>
                <degreeOfFreedom>
                    <name>SC_PR_L</name>
                    <initialPositionMOrRad>0.0</initialPositionMOrRad>
                    <velocityMeterPerSecOrRadPerSec>0.0</velocityMeterPerSecOrRadPerSec>
                </degreeOfFreedom>
            </component>
            <component>
                <jointName>HumeroUlnar</jointName>
                <jointId>
                    <ns90:componentType xmlns:ns90="http://www.cgtechnical.com/ami/genericModel/mstns">J</ns90:componentType>
                    <ns91:componentNumber xmlns:ns91="http://www.cgtechnical.com/ami/genericModel/mstns">42</ns91:componentNumber>
                </jointId>
                <seqNum>6</seqNum>
                <simulationType>Physics-based</simulationType>
                <degreeOfFreedom>
                    <name>HU_FE</name>
                    <initialPositionMOrRad>0.0</initialPositionMOrRad>
                    <velocityMeterPerSecOrRadPerSec>0.0</velocityMeterPerSecOrRadPerSec>
                </degreeOfFreedom>
            </component>
            <component>
                <jointName>Palm Assembly__MCP Ring Finger</jointName>
                <jointId>
                    <ns92:componentType xmlns:ns92="http://www.cgtechnical.com/ami/genericModel/mstns">J</ns92:componentType>
                    <ns93:componentNumber xmlns:ns93="http://www.cgtechnical.com/ami/genericModel/mstns">1122</ns93:componentNumber>
                </jointId>
                <seqNum>25</seqNum>
                <simulationType>Physics-based</simulationType>
                <degreeOfFreedom>
                    <name>Palm Assembly__MCP Ring Finger</name>
                    <initialPositionMOrRad>0.0</initialPositionMOrRad>
                    <velocityMeterPerSecOrRadPerSec>0.0</velocityMeterPerSecOrRadPerSec>
                </degreeOfFreedom>
            </component>
		
		
		
		
            <component>
                <jointName>CylinderJoint</jointName>
                <jointId>
                    <ns8:componentType xmlns:ns8="http://www.cgtechnical.com/ami/genericModel/mstns">J</ns8:componentType>
                    <ns9:componentNumber xmlns:ns9="http://www.cgtechnical.com/ami/genericModel/mstns">207</ns9:componentNumber>
                </jointId>
                <seqNum>1</seqNum>
                <simulationType>Physics-based</simulationType>
                <degreeOfFreedom>
                    <name>CyJdof1</name>
                    <initialPositionMOrRad>0.0</initialPositionMOrRad>
                    <velocityMeterPerSecOrRadPerSec>0.0</velocityMeterPerSecOrRadPerSec>
                </degreeOfFreedom>
                <degreeOfFreedom>
                    <name>CyJdof2</name>
                    <initialPositionMOrRad>0.0</initialPositionMOrRad>
                    <velocityMeterPerSecOrRadPerSec>0.0</velocityMeterPerSecOrRadPerSec>
                </degreeOfFreedom>
                <degreeOfFreedom>
                    <name>CyJdof3</name>
                    <initialPositionMOrRad>0.0</initialPositionMOrRad>
                    <velocityMeterPerSecOrRadPerSec>0.0</velocityMeterPerSecOrRadPerSec>
                </degreeOfFreedom>
            </component>
            <component>
                <jointName>FloorJoint</jointName>
                <jointId>
                    <ns20:componentType xmlns:ns20="http://www.cgtechnical.com/ami/genericModel/mstns">J</ns20:componentType>
                    <ns21:componentNumber xmlns:ns21="http://www.cgtechnical.com/ami/genericModel/mstns">201</ns21:componentNumber>
                </jointId>
                <simulationType>Fixed</simulationType>
                <degreeOfFreedom>
                    <name>FJdof1</name>
                    <initialPositionMOrRad>0.0</initialPositionMOrRad>
                    <velocityMeterPerSecOrRadPerSec>0.0</velocityMeterPerSecOrRadPerSec>
                </degreeOfFreedom>
                <degreeOfFreedom>
                    <name>FJdof2</name>
                    <initialPositionMOrRad>0.0</initialPositionMOrRad>
                    <velocityMeterPerSecOrRadPerSec>0.0</velocityMeterPerSecOrRadPerSec>
                </degreeOfFreedom>
                <degreeOfFreedom>
                    <name>FJdof3</name>
                    <initialPositionMOrRad>0.0</initialPositionMOrRad>
                    <velocityMeterPerSecOrRadPerSec>0.0</velocityMeterPerSecOrRadPerSec>
                </degreeOfFreedom>
            </component>
            <component>
                <jointName>TableJoint</jointName>
                <jointId>
                    <ns24:componentType xmlns:ns24="http://www.cgtechnical.com/ami/genericModel/mstns">J</ns24:componentType>
                    <ns25:componentNumber xmlns:ns25="http://www.cgtechnical.com/ami/genericModel/mstns">92</ns25:componentNumber>
                </jointId>
                <simulationType>Fixed</simulationType>
                <degreeOfFreedom>
                    <name>TJdof1</name>
                    <initialPositionMOrRad>0.0</initialPositionMOrRad>
                    <velocityMeterPerSecOrRadPerSec>0.0</velocityMeterPerSecOrRadPerSec>
                </degreeOfFreedom>
                <degreeOfFreedom>
                    <name>TJdof2</name>
                    <initialPositionMOrRad>0.0</initialPositionMOrRad>
                    <velocityMeterPerSecOrRadPerSec>0.0</velocityMeterPerSecOrRadPerSec>
                </degreeOfFreedom>
                <degreeOfFreedom>
                    <name>TJdof3</name>
                    <initialPositionMOrRad>0.0</initialPositionMOrRad>
                    <velocityMeterPerSecOrRadPerSec>0.0</velocityMeterPerSecOrRadPerSec>
                </degreeOfFreedom>
            </component>
            <component>
                <jointName>SphereJoint</jointName>
                <jointId>
                    <ns42:componentType xmlns:ns42="http://www.cgtechnical.com/ami/genericModel/mstns">J</ns42:componentType>
                    <ns43:componentNumber xmlns:ns43="http://www.cgtechnical.com/ami/genericModel/mstns">200</ns43:componentNumber>
                </jointId>
                <seqNum>2</seqNum>
                <simulationType>Physics-based</simulationType>
                <degreeOfFreedom>
                    <name>SJdof1</name>
                    <initialPositionMOrRad>0.0</initialPositionMOrRad>
                    <velocityMeterPerSecOrRadPerSec>0.0</velocityMeterPerSecOrRadPerSec>
                </degreeOfFreedom>
                <degreeOfFreedom>
                    <name>SJdof2</name>
                    <initialPositionMOrRad>0.0</initialPositionMOrRad>
                    <velocityMeterPerSecOrRadPerSec>0.0</velocityMeterPerSecOrRadPerSec>
                </degreeOfFreedom>
                <degreeOfFreedom>
                    <name>SJdof3</name>
                    <initialPositionMOrRad>0.0</initialPositionMOrRad>
                    <velocityMeterPerSecOrRadPerSec>0.0</velocityMeterPerSecOrRadPerSec>
                </degreeOfFreedom>
            </component>
            <component>
                <jointName>ChairJoint</jointName>
                <jointId>
                    <ns50:componentType xmlns:ns50="http://www.cgtechnical.com/ami/genericModel/mstns">J</ns50:componentType>
                    <ns51:componentNumber xmlns:ns51="http://www.cgtechnical.com/ami/genericModel/mstns">300</ns51:componentNumber>
                </jointId>
                <simulationType>Fixed</simulationType>
                <degreeOfFreedom>
                    <name>CJdof1</name>
                    <initialPositionMOrRad>0.0</initialPositionMOrRad>
                    <velocityMeterPerSecOrRadPerSec>0.0</velocityMeterPerSecOrRadPerSec>
                </degreeOfFreedom>
                <degreeOfFreedom>
                    <name>CJdof2</name>
                    <initialPositionMOrRad>0.0</initialPositionMOrRad>
                    <velocityMeterPerSecOrRadPerSec>0.0</velocityMeterPerSecOrRadPerSec>
                </degreeOfFreedom>
                <degreeOfFreedom>
                    <name>CJdof3</name>
                    <initialPositionMOrRad>0.0</initialPositionMOrRad>
                    <velocityMeterPerSecOrRadPerSec>0.0</velocityMeterPerSecOrRadPerSec>
                </degreeOfFreedom>
            </component>
            <component>
                <jointName>CubeJoint</jointName>
                <jointId>
                    <ns76:componentType xmlns:ns76="http://www.cgtechnical.com/ami/genericModel/mstns">J</ns76:componentType>
                    <ns77:componentNumber xmlns:ns77="http://www.cgtechnical.com/ami/genericModel/mstns">301</ns77:componentNumber>
                </jointId>
                <seqNum>5</seqNum>
                <simulationType>Physics-based</simulationType>
                <degreeOfFreedom>
                    <name>CuJdof1</name>
                    <initialPositionMOrRad>0.0</initialPositionMOrRad>
                    <velocityMeterPerSecOrRadPerSec>0.0</velocityMeterPerSecOrRadPerSec>
                </degreeOfFreedom>
                <degreeOfFreedom>
                    <name>CuJdof2</name>
                    <initialPositionMOrRad>0.0</initialPositionMOrRad>
                    <velocityMeterPerSecOrRadPerSec>0.0</velocityMeterPerSecOrRadPerSec>
                </degreeOfFreedom>
                <degreeOfFreedom>
                    <name>CuJdof3</name>
                    <initialPositionMOrRad>0.0</initialPositionMOrRad>
                    <velocityMeterPerSecOrRadPerSec>0.0</velocityMeterPerSecOrRadPerSec>
                </degreeOfFreedom>
            </component>
        </setup>
        <solver>
            <simulationTimeSec>
                <startTimeSec>0.0</startTimeSec>
                <stopTimeSec>1.0</stopTimeSec>
            </simulationTimeSec>
            <solverOptions>
                <solverName>ode45(dormand+Prince)</solverName>
                <integrationType>Variable Step</integrationType>
                <stepSizeSec>
                    <fixed>0.0010</fixed>
                    <min>0.0010</min>
                    <max>0.01</max>
                    <initial>0.0010</initial>
                </stepSizeSec>
                <tolerance>
                    <absolute>0.0010</absolute>
                    <relative>0.0010</relative>
                </tolerance>
            </solverOptions>
        </solver>
        <dynamicEngine>
            <name>SimMechanics</name>
        </dynamicEngine>
        <outputData>
            <filename>simData_output.mat</filename>
            <samplingTimeSec>0.01</samplingTimeSec>
        </outputData>
    </simulationSetup>
</simulationSetupInfo>

