<?xml version="1.0" encoding="UTF-8" standalone="yes"?>
<musculoskeletalModel author="Joe Cool" creationDate="2006-12-05-08:00" modelName="testJAXB" version="0.1" xmlns="http://www.cgtechnical.com/ami/genericModel/mstns">
    <components>
        <component xsi:type="GimbalJoint" name="GlenoHumeral" xmlns:xsi="http://www.w3.org/2001/XMLSchema-instance">
            <id>
                <componentType>J</componentType>
                <componentNumber>36</componentNumber>
            </id>
            <parentId>
                <componentType>S</componentType>
                <componentNumber>11</componentNumber>
            </parentId>
            <category>Human</category>
            <outboardComponentId>
                <componentType>S</componentType>
                <componentNumber>14</componentNumber>
            </outboardComponentId>
            <inboardJointCenterM>
                <x>-0.0851</x>
                <y>-0.0346</y>
                <z>0.1824</z>
            </inboardJointCenterM>
            <outboardJointCenterM>
                <x>0.0</x>
                <y>0.0</y>
                <z>0.0</z>
            </outboardJointCenterM>
            <initialOrientationMatrix>
                <r1c1>1.0</r1c1>
                <r1c2>0.0</r1c2>
                <r1c3>0.0</r1c3>
                <r2c1>0.0</r2c1>
                <r2c2>1.0</r2c2>
                <r2c3>0.0</r2c3>
                <r3c1>0.0</r3c1>
                <r3c2>0.0</r3c2>
                <r3c3>1.0</r3c3>
            </initialOrientationMatrix>
            <rotationAxis1>
                <dofName>GH_ABAD</dofName>
                <minAngleRad>-1.5707963267948966</minAngleRad>
                <maxAngleRad>0.17453292519943295</maxAngleRad>
                <defaultAngleRad>0.0</defaultAngleRad>
                <defaultAngularVelocityRadsPerSec>0.0</defaultAngularVelocityRadsPerSec>
                <axisM>
                    <x>1.0</x>
                    <y>0.0</y>
                    <z>0.0</z>
                </axisM>
            </rotationAxis1>
            <rotationAxis2>
                <dofName>GH_FE</dofName>
                <minAngleRad>-1.0471975803375244</minAngleRad>
                <maxAngleRad>1.5707963705062866</maxAngleRad>
                <defaultAngleRad>0.0</defaultAngleRad>
                <defaultAngularVelocityRadsPerSec>0.0</defaultAngularVelocityRadsPerSec>
                <axisM>
                    <x>0.0</x>
                    <y>0.0</y>
                    <z>1.0</z>
                </axisM>
            </rotationAxis2>
            <rotationAxis3>
                <dofName>GH_IER</dofName>
                <minAngleRad>-0.5235987901687622</minAngleRad>
                <maxAngleRad>0.5235987901687622</maxAngleRad>
                <defaultAngleRad>0.0</defaultAngleRad>
                <defaultAngularVelocityRadsPerSec>0.0</defaultAngularVelocityRadsPerSec>
                <axisM>
                    <x>0.0</x>
                    <y>1.0</y>
                    <z>0.0</z>
                </axisM>
            </rotationAxis3>
        </component>
        <component xsi:type="ExternalActuator" name="NeckRotZ" xmlns:xsi="http://www.w3.org/2001/XMLSchema-instance">
            <id>
                <componentType>EA</componentType>
                <componentNumber>57</componentNumber>
            </id>
            <parentId>
                <componentType>J</componentType>
                <componentNumber>41</componentNumber>
            </parentId>
            <category>Human</category>
            <jointDofId>Ndof3</jointDofId>
            <jointDofIdAvail/>
        </component>
        <component xsi:type="ExternalActuator" name="NeckRotY" xmlns:xsi="http://www.w3.org/2001/XMLSchema-instance">
            <id>
                <componentType>EA</componentType>
                <componentNumber>58</componentNumber>
            </id>
            <parentId>
                <componentType>J</componentType>
                <componentNumber>41</componentNumber>
            </parentId>
            <category>Human</category>
            <jointDofId>Ndof2</jointDofId>
            <jointDofIdAvail/>
        </component>
        <component xsi:type="ExternalActuator" name="NeckRotX" xmlns:xsi="http://www.w3.org/2001/XMLSchema-instance">
            <id>
                <componentType>EA</componentType>
                <componentNumber>59</componentNumber>
            </id>
            <parentId>
                <componentType>J</componentType>
                <componentNumber>41</componentNumber>
            </parentId>
            <category>Human</category>
            <jointDofId>Ndof1</jointDofId>
            <jointDofIdAvail/>
        </component>
        <component xsi:type="Segment" name="clavicle_left" xmlns:xsi="http://www.w3.org/2001/XMLSchema-instance">
            <id>
                <componentType>S</componentType>
                <componentNumber>12</componentNumber>
            </id>
            <category>Human</category>
            <images>
                <image>
                    <name>Bone</name>
                    <scalar>1.0</scalar>
                    <xScalar>1.0</xScalar>
                    <yScalar>1.0</yScalar>
                    <zScalar>1.0</zScalar>
                    <selected>true</selected>
                    <collisionDetection>false</collisionDetection>
                    <shape xsi:type="Mesh">
                        <xLengthM>0.0</xLengthM>
                        <yLengthM>0.0</yLengthM>
                        <zLengthM>0.0</zLengthM>
                        <imageFilename/>
                    </shape>
                    <transparency>0.0</transparency>
                    <offsetM>
                        <x>0.0</x>
                        <y>0.0</y>
                        <z>0.0</z>
                    </offsetM>
                    <orientation>
                        <r1c1>1.0</r1c1>
                        <r1c2>0.0</r1c2>
                        <r1c3>0.0</r1c3>
                        <r2c1>0.0</r2c1>
                        <r2c2>1.0</r2c2>
                        <r2c3>0.0</r2c3>
                        <r3c1>0.0</r3c1>
                        <r3c2>0.0</r3c2>
                        <r3c3>1.0</r3c3>
                    </orientation>
                </image>
            </images>
            <massKg>0.1</massKg>
            <massCenterM>
                <x>0.0</x>
                <y>0.0</y>
                <z>0.1</z>
            </massCenterM>
            <inertiaKgM2>
                <r1c1>0.01</r1c1>
                <r1c2>0.0</r1c2>
                <r1c3>0.0</r1c3>
                <r2c1>0.0</r2c1>
                <r2c2>0.01</r2c2>
                <r2c3>0.0</r2c3>
                <r3c1>0.0</r3c1>
                <r3c2>0.0</r3c2>
                <r3c3>0.01</r3c3>
            </inertiaKgM2>
            <coefficientOfFriction>0.0</coefficientOfFriction>
            <coefficientOfRestitution>0.0</coefficientOfRestitution>
            <softness>0.0</softness>
        </component>
        <component xsi:type="UJoint" name="RadioCarpal" xmlns:xsi="http://www.w3.org/2001/XMLSchema-instance">
            <id>
                <componentType>J</componentType>
                <componentNumber>37</componentNumber>
            </id>
            <parentId>
                <componentType>S</componentType>
                <componentNumber>8</componentNumber>
            </parentId>
            <category>Human</category>
            <outboardComponentId>
                <componentType>S</componentType>
                <componentNumber>15</componentNumber>
            </outboardComponentId>
            <inboardJointCenterM>
                <x>0.0</x>
                <y>-0.241</y>
                <z>0.0</z>
            </inboardJointCenterM>
            <outboardJointCenterM>
                <x>0.0</x>
                <y>0.0</y>
                <z>0.0</z>
            </outboardJointCenterM>
            <initialOrientationMatrix>
                <r1c1>1.0</r1c1>
                <r1c2>0.0</r1c2>
                <r1c3>0.0</r1c3>
                <r2c1>0.0</r2c1>
                <r2c2>1.0</r2c2>
                <r2c3>0.0</r2c3>
                <r3c1>0.0</r3c1>
                <r3c2>0.0</r3c2>
                <r3c3>1.0</r3c3>
            </initialOrientationMatrix>
            <rotationAxis1>
                <dofName>RC_URD</dofName>
                <minAngleRad>-0.2617993877991494</minAngleRad>
                <maxAngleRad>0.3490658503988659</maxAngleRad>
                <defaultAngleRad>0.0</defaultAngleRad>
                <defaultAngularVelocityRadsPerSec>0.0</defaultAngularVelocityRadsPerSec>
                <axisM>
                    <x>1.0</x>
                    <y>0.0</y>
                    <z>0.0</z>
                </axisM>
            </rotationAxis1>
            <rotationAxis2>
                <dofName>RC_FE</dofName>
                <minAngleRad>-0.7853981852531433</minAngleRad>
                <maxAngleRad>0.7853981852531433</maxAngleRad>
                <defaultAngleRad>0.0</defaultAngleRad>
                <defaultAngularVelocityRadsPerSec>0.0</defaultAngularVelocityRadsPerSec>
                <axisM>
                    <x>0.0</x>
                    <y>0.0</y>
                    <z>1.0</z>
                </axisM>
            </rotationAxis2>
        </component>
        <component xsi:type="PinJoint" name="RadioUlnar" xmlns:xsi="http://www.w3.org/2001/XMLSchema-instance">
            <id>
                <componentType>J</componentType>
                <componentNumber>38</componentNumber>
            </id>
            <parentId>
                <componentType>S</componentType>
                <componentNumber>10</componentNumber>
            </parentId>
            <category>Human</category>
            <outboardComponentId>
                <componentType>S</componentType>
                <componentNumber>8</componentNumber>
            </outboardComponentId>
            <inboardJointCenterM>
                <x>0.0011</x>
                <y>-0.0164</y>
                <z>0.0168</z>
            </inboardJointCenterM>
            <outboardJointCenterM>
                <x>0.0</x>
                <y>0.0</y>
                <z>0.0</z>
            </outboardJointCenterM>
            <initialOrientationMatrix>
                <r1c1>1.0</r1c1>
                <r1c2>0.0</r1c2>
                <r1c3>0.0</r1c3>
                <r2c1>0.0</r2c1>
                <r2c2>1.0</r2c2>
                <r2c3>0.0</r2c3>
                <r3c1>0.0</r3c1>
                <r3c2>0.0</r3c2>
                <r3c3>1.0</r3c3>
            </initialOrientationMatrix>
            <rotationAxis>
                <dofName>RU_PS</dofName>
                <minAngleRad>0.0</minAngleRad>
                <maxAngleRad>2.6179938779914944</maxAngleRad>
                <defaultAngleRad>0.0</defaultAngleRad>
                <defaultAngularVelocityRadsPerSec>0.0</defaultAngularVelocityRadsPerSec>
                <axisM>
                    <x>0.0049</x>
                    <y>0.997103</y>
                    <z>0.0759</z>
                </axisM>
            </rotationAxis>
        </component>
        <component xsi:type="UJoint" name="SternoClavicular" xmlns:xsi="http://www.w3.org/2001/XMLSchema-instance">
            <id>
                <componentType>J</componentType>
                <componentNumber>39</componentNumber>
            </id>
            <parentId>
                <componentType>S</componentType>
                <componentNumber>9</componentNumber>
            </parentId>
            <category>Human</category>
            <outboardComponentId>
                <componentType>S</componentType>
                <componentNumber>11</componentNumber>
            </outboardComponentId>
            <inboardJointCenterM>
                <x>0.09</x>
                <y>0.4</y>
                <z>0.03</z>
            </inboardJointCenterM>
            <outboardJointCenterM>
                <x>0.0</x>
                <y>0.0</y>
                <z>0.0</z>
            </outboardJointCenterM>
            <initialOrientationMatrix>
                <r1c1>1.0</r1c1>
                <r1c2>0.0</r1c2>
                <r1c3>0.0</r1c3>
                <r2c1>0.0</r2c1>
                <r2c2>1.0</r2c2>
                <r2c3>0.0</r2c3>
                <r3c1>0.0</r3c1>
                <r3c2>0.0</r3c2>
                <r3c3>1.0</r3c3>
            </initialOrientationMatrix>
            <rotationAxis1>
                <dofName>SC_DE</dofName>
                <minAngleRad>-0.7853981633974483</minAngleRad>
                <maxAngleRad>0.2617993877991494</maxAngleRad>
                <defaultAngleRad>0.0</defaultAngleRad>
                <defaultAngularVelocityRadsPerSec>0.0</defaultAngularVelocityRadsPerSec>
                <axisM>
                    <x>1.0</x>
                    <y>0.0</y>
                    <z>0.0</z>
                </axisM>
            </rotationAxis1>
            <rotationAxis2>
                <dofName>SC_PR</dofName>
                <minAngleRad>-0.2617993950843811</minAngleRad>
                <maxAngleRad>0.2617993950843811</maxAngleRad>
                <defaultAngleRad>0.0</defaultAngleRad>
                <defaultAngularVelocityRadsPerSec>0.0</defaultAngularVelocityRadsPerSec>
                <axisM>
                    <x>0.0</x>
                    <y>1.0</y>
                    <z>0.0</z>
                </axisM>
            </rotationAxis2>
        </component>
        <component xsi:type="Segment" name="radius" xmlns:xsi="http://www.w3.org/2001/XMLSchema-instance">
            <id>
                <componentType>S</componentType>
                <componentNumber>8</componentNumber>
            </id>
            <category>Human</category>
            <images>
                <image>
                    <name>Skin Mesh</name>
                    <scalar>2.3</scalar>
                    <xScalar>1.0</xScalar>
                    <yScalar>1.0</yScalar>
                    <zScalar>1.0</zScalar>
                    <selected>true</selected>
                    <collisionDetection>false</collisionDetection>
                    <shape xsi:type="Mesh">
                        <xLengthM>0.0</xLengthM>
                        <yLengthM>0.0</yLengthM>
                        <zLengthM>0.0</zLengthM>
                        <imageFilename>SMforearm_r2.obj</imageFilename>
                    </shape>
                    <transparency>0.0</transparency>
                    <offsetM>
                        <x>-0.048</x>
                        <y>-0.468</y>
                        <z>-0.161</z>
                    </offsetM>
                    <orientation>
                        <r1c1>0.9876883405951378</r1c1>
                        <r1c2>0.15557750067273254</r1c2>
                        <r1c3>-0.016351854232752816</r1c3>
                        <r2c1>-0.15643446504023112</r2c1>
                        <r2c2>0.9822776805218211</r2c2>
                        <r2c3>-0.10324154442978846</r2c3>
                        <r3c1>-0.0</r3c1>
                        <r3c2>0.10452846326765346</r3c2>
                        <r3c3>0.9945218953682734</r3c3>
                    </orientation>
                </image>
            </images>
            <massKg>0.4023</massKg>
            <massCenterM>
                <x>0.0</x>
                <y>-0.1064</y>
                <z>0.0</z>
            </massCenterM>
            <inertiaKgM2>
                <r1c1>0.00235</r1c1>
                <r1c2>0.0</r1c2>
                <r1c3>0.0</r1c3>
                <r2c1>0.0</r2c1>
                <r2c2>1.835E-4</r2c2>
                <r2c3>0.0</r2c3>
                <r3c1>0.0</r3c1>
                <r3c2>0.0</r3c2>
                <r3c3>0.00235</r3c3>
            </inertiaKgM2>
            <coefficientOfFriction>0.0</coefficientOfFriction>
            <coefficientOfRestitution>0.0</coefficientOfRestitution>
            <softness>0.0</softness>
        </component>
        <component xsi:type="GimbalJoint" name="Neck" xmlns:xsi="http://www.w3.org/2001/XMLSchema-instance">
            <id>
                <componentType>J</componentType>
                <componentNumber>41</componentNumber>
            </id>
            <parentId>
                <componentType>S</componentType>
                <componentNumber>9</componentNumber>
            </parentId>
            <category>Human</category>
            <outboardComponentId>
                <componentType>S</componentType>
                <componentNumber>13</componentNumber>
            </outboardComponentId>
            <inboardJointCenterM>
                <x>0.0</x>
                <y>0.495</y>
                <z>0.0</z>
            </inboardJointCenterM>
            <outboardJointCenterM>
                <x>0.0</x>
                <y>0.0</y>
                <z>0.0</z>
            </outboardJointCenterM>
            <initialOrientationMatrix>
                <r1c1>1.0</r1c1>
                <r1c2>0.0</r1c2>
                <r1c3>0.0</r1c3>
                <r2c1>0.0</r2c1>
                <r2c2>1.0</r2c2>
                <r2c3>0.0</r2c3>
                <r3c1>0.0</r3c1>
                <r3c2>0.0</r3c2>
                <r3c3>1.0</r3c3>
            </initialOrientationMatrix>
            <rotationAxis1>
                <dofName>Ndof1</dofName>
                <minAngleRad>-0.17453292519943295</minAngleRad>
                <maxAngleRad>0.17453292519943295</maxAngleRad>
                <defaultAngleRad>0.0</defaultAngleRad>
                <defaultAngularVelocityRadsPerSec>0.0</defaultAngularVelocityRadsPerSec>
                <axisM>
                    <x>1.0</x>
                    <y>0.0</y>
                    <z>0.0</z>
                </axisM>
            </rotationAxis1>
            <rotationAxis2>
                <dofName>Ndof2</dofName>
                <minAngleRad>-0.1745329201221466</minAngleRad>
                <maxAngleRad>0.1745329201221466</maxAngleRad>
                <defaultAngleRad>0.0</defaultAngleRad>
                <defaultAngularVelocityRadsPerSec>0.0</defaultAngularVelocityRadsPerSec>
                <axisM>
                    <x>0.0</x>
                    <y>1.0</y>
                    <z>0.0</z>
                </axisM>
            </rotationAxis2>
            <rotationAxis3>
                <dofName>Ndof3</dofName>
                <minAngleRad>-0.34906584024429</minAngleRad>
                <maxAngleRad>0.1745329201221466</maxAngleRad>
                <defaultAngleRad>0.0</defaultAngleRad>
                <defaultAngularVelocityRadsPerSec>0.0</defaultAngularVelocityRadsPerSec>
                <axisM>
                    <x>0.0</x>
                    <y>0.0</y>
                    <z>1.0</z>
                </axisM>
            </rotationAxis3>
        </component>
        <component xsi:type="Segment" name="Torso" xmlns:xsi="http://www.w3.org/2001/XMLSchema-instance">
            <id>
                <componentType>S</componentType>
                <componentNumber>9</componentNumber>
            </id>
            <category>Human</category>
            <images>
                <image>
                    <name>Skin Mesh</name>
                    <scalar>2.5</scalar>
                    <xScalar>1.0</xScalar>
                    <yScalar>1.0</yScalar>
                    <zScalar>1.0</zScalar>
                    <selected>true</selected>
                    <collisionDetection>false</collisionDetection>
                    <shape xsi:type="Mesh">
                        <xLengthM>0.0</xLengthM>
                        <yLengthM>0.0</yLengthM>
                        <zLengthM>0.0</zLengthM>
                        <imageFilename>SMTorso4.obj</imageFilename>
                    </shape>
                    <transparency>0.0</transparency>
                    <offsetM>
                        <x>0.026</x>
                        <y>-0.447</y>
                        <z>0.0</z>
                    </offsetM>
                    <orientation>
                        <r1c1>6.123233995736766E-17</r1c1>
                        <r1c2>0.0</r1c2>
                        <r1c3>1.0</r1c3>
                        <r2c1>0.0</r2c1>
                        <r2c2>1.0</r2c2>
                        <r2c3>0.0</r2c3>
                        <r3c1>-1.0</r3c1>
                        <r3c2>0.0</r3c2>
                        <r3c3>6.123233995736766E-17</r3c3>
                    </orientation>
                </image>
            </images>
            <massKg>0.0</massKg>
            <massCenterM>
                <x>0.0</x>
                <y>0.0</y>
                <z>0.0</z>
            </massCenterM>
            <inertiaKgM2>
                <r1c1>0.0</r1c1>
                <r1c2>0.0</r1c2>
                <r1c3>0.0</r1c3>
                <r2c1>0.0</r2c1>
                <r2c2>0.0</r2c2>
                <r2c3>0.0</r2c3>
                <r3c1>0.0</r3c1>
                <r3c2>0.0</r3c2>
                <r3c3>0.0</r3c3>
            </inertiaKgM2>
            <coefficientOfFriction>0.0</coefficientOfFriction>
            <coefficientOfRestitution>0.0</coefficientOfRestitution>
            <softness>0.0</softness>
        </component>
        <component xsi:type="Segment" name="ulna" xmlns:xsi="http://www.w3.org/2001/XMLSchema-instance">
            <id>
                <componentType>S</componentType>
                <componentNumber>10</componentNumber>
            </id>
            <category>Human</category>
            <images>
                <image>
                    <name>Bone</name>
                    <scalar>1.0</scalar>
                    <xScalar>1.0</xScalar>
                    <yScalar>1.0</yScalar>
                    <zScalar>1.0</zScalar>
                    <selected>true</selected>
                    <collisionDetection>false</collisionDetection>
                    <shape xsi:type="Mesh">
                        <xLengthM>0.0</xLengthM>
                        <yLengthM>0.0</yLengthM>
                        <zLengthM>0.0</zLengthM>
                        <imageFilename/>
                    </shape>
                    <transparency>0.0</transparency>
                    <offsetM>
                        <x>0.0</x>
                        <y>0.0</y>
                        <z>0.0</z>
                    </offsetM>
                    <orientation>
                        <r1c1>1.0</r1c1>
                        <r1c2>0.0</r1c2>
                        <r1c3>0.0</r1c3>
                        <r2c1>0.0</r2c1>
                        <r2c2>1.0</r2c2>
                        <r2c3>0.0</r2c3>
                        <r3c1>0.0</r3c1>
                        <r3c2>0.0</r3c2>
                        <r3c3>1.0</r3c3>
                    </orientation>
                </image>
            </images>
            <massKg>0.4023</massKg>
            <massCenterM>
                <x>0.0</x>
                <y>-0.1064</y>
                <z>0.0</z>
            </massCenterM>
            <inertiaKgM2>
                <r1c1>0.00235</r1c1>
                <r1c2>0.0</r1c2>
                <r1c3>0.0</r1c3>
                <r2c1>0.0</r2c1>
                <r2c2>1.835E-4</r2c2>
                <r2c3>0.0</r2c3>
                <r3c1>0.0</r3c1>
                <r3c2>0.0</r3c2>
                <r3c3>0.00235</r3c3>
            </inertiaKgM2>
            <coefficientOfFriction>0.0</coefficientOfFriction>
            <coefficientOfRestitution>0.0</coefficientOfRestitution>
            <softness>0.0</softness>
        </component>
        <component xsi:type="Segment" name="clavicle" xmlns:xsi="http://www.w3.org/2001/XMLSchema-instance">
            <id>
                <componentType>S</componentType>
                <componentNumber>11</componentNumber>
            </id>
            <category>Human</category>
            <images>
                <image>
                    <name>Bone</name>
                    <scalar>1.0</scalar>
                    <xScalar>1.0</xScalar>
                    <yScalar>1.0</yScalar>
                    <zScalar>1.0</zScalar>
                    <selected>true</selected>
                    <collisionDetection>false</collisionDetection>
                    <shape xsi:type="Mesh">
                        <xLengthM>0.0</xLengthM>
                        <yLengthM>0.0</yLengthM>
                        <zLengthM>0.0</zLengthM>
                        <imageFilename/>
                    </shape>
                    <transparency>0.0</transparency>
                    <offsetM>
                        <x>0.0</x>
                        <y>0.0</y>
                        <z>0.0</z>
                    </offsetM>
                    <orientation>
                        <r1c1>1.0</r1c1>
                        <r1c2>0.0</r1c2>
                        <r1c3>0.0</r1c3>
                        <r2c1>0.0</r2c1>
                        <r2c2>1.0</r2c2>
                        <r2c3>0.0</r2c3>
                        <r3c1>0.0</r3c1>
                        <r3c2>0.0</r3c2>
                        <r3c3>1.0</r3c3>
                    </orientation>
                </image>
            </images>
            <massKg>0.1</massKg>
            <massCenterM>
                <x>0.0</x>
                <y>0.0</y>
                <z>0.1</z>
            </massCenterM>
            <inertiaKgM2>
                <r1c1>0.01</r1c1>
                <r1c2>0.0</r1c2>
                <r1c3>0.0</r1c3>
                <r2c1>0.0</r2c1>
                <r2c2>0.01</r2c2>
                <r2c3>0.0</r2c3>
                <r3c1>0.0</r3c1>
                <r3c2>0.0</r3c2>
                <r3c3>0.01</r3c3>
            </inertiaKgM2>
            <coefficientOfFriction>0.0</coefficientOfFriction>
            <coefficientOfRestitution>0.0</coefficientOfRestitution>
            <softness>0.0</softness>
        </component>
        <component xsi:type="Segment" name="Head" xmlns:xsi="http://www.w3.org/2001/XMLSchema-instance">
            <id>
                <componentType>S</componentType>
                <componentNumber>13</componentNumber>
            </id>
            <category>Human</category>
            <images>
                <image>
                    <name>Skin Mesh</name>
                    <scalar>2.5</scalar>
                    <xScalar>1.0</xScalar>
                    <yScalar>1.0</yScalar>
                    <zScalar>1.0</zScalar>
                    <selected>true</selected>
                    <collisionDetection>false</collisionDetection>
                    <shape xsi:type="Mesh">
                        <xLengthM>0.0</xLengthM>
                        <yLengthM>0.0</yLengthM>
                        <zLengthM>0.0</zLengthM>
                        <imageFilename>SMHeadAndNeck.obj</imageFilename>
                    </shape>
                    <transparency>0.0</transparency>
                    <offsetM>
                        <x>0.026</x>
                        <y>-0.65</y>
                        <z>0.0</z>
                    </offsetM>
                    <orientation>
                        <r1c1>6.123233995736766E-17</r1c1>
                        <r1c2>0.0</r1c2>
                        <r1c3>1.0</r1c3>
                        <r2c1>0.0</r2c1>
                        <r2c2>1.0</r2c2>
                        <r2c3>0.0</r2c3>
                        <r3c1>-1.0</r3c1>
                        <r3c2>0.0</r3c2>
                        <r3c3>6.123233995736766E-17</r3c3>
                    </orientation>
                </image>
            </images>
            <massKg>0.0926315</massKg>
            <massCenterM>
                <x>0.01781814</x>
                <y>-0.02687000000000006</y>
                <z>-2.1999999999990777E-6</z>
            </massCenterM>
            <inertiaKgM2>
                <r1c1>1.97991E-5</r1c1>
                <r1c2>6.57608E-6</r1c2>
                <r1c3>-4.64541E-8</r1c3>
                <r2c1>6.57608E-6</r2c1>
                <r2c2>3.15739E-4</r2c2>
                <r2c3>-7.31053E-9</r2c3>
                <r3c1>-4.64541E-8</r3c1>
                <r3c2>-7.31053E-9</r3c2>
                <r3c3>3.25293E-4</r3c3>
            </inertiaKgM2>
            <coefficientOfFriction>0.0</coefficientOfFriction>
            <coefficientOfRestitution>0.0</coefficientOfRestitution>
            <softness>0.0</softness>
        </component>
        <component xsi:type="PositionSensor" name="EyeLocation" xmlns:xsi="http://www.w3.org/2001/XMLSchema-instance">
            <id>
                <componentType>PS</componentType>
                <componentNumber>72</componentNumber>
            </id>
            <parentId>
                <componentType>S</componentType>
                <componentNumber>13</componentNumber>
            </parentId>
            <category>Human</category>
            <positionM>
                <x>0.17</x>
                <y>0.135</y>
                <z>0.004</z>
            </positionM>
            <orientationMatrix>
                <r1c1>1.0</r1c1>
                <r1c2>0.0</r1c2>
                <r1c3>0.0</r1c3>
                <r2c1>0.0</r2c1>
                <r2c2>1.0</r2c2>
                <r2c3>0.0</r2c3>
                <r3c1>0.0</r3c1>
                <r3c2>0.0</r3c2>
                <r3c3>1.0</r3c3>
            </orientationMatrix>
        </component>
        <component xsi:type="PinJoint" name="HumeroUlnar" xmlns:xsi="http://www.w3.org/2001/XMLSchema-instance">
            <id>
                <componentType>J</componentType>
                <componentNumber>42</componentNumber>
            </id>
            <parentId>
                <componentType>S</componentType>
                <componentNumber>14</componentNumber>
            </parentId>
            <category>Human</category>
            <outboardComponentId>
                <componentType>S</componentType>
                <componentNumber>10</componentNumber>
            </outboardComponentId>
            <inboardJointCenterM>
                <x>0.0</x>
                <y>-0.2806</y>
                <z>0.0</z>
            </inboardJointCenterM>
            <outboardJointCenterM>
                <x>0.0</x>
                <y>0.0</y>
                <z>0.0</z>
            </outboardJointCenterM>
            <initialOrientationMatrix>
                <r1c1>0.9998476951563913</r1c1>
                <r1c2>-0.01745240643728351</r1c2>
                <r1c3>0.0</r1c3>
                <r2c1>0.01745240643728351</r2c1>
                <r2c2>0.9998476951563913</r2c2>
                <r2c3>0.0</r2c3>
                <r3c1>0.0</r3c1>
                <r3c2>0.0</r3c2>
                <r3c3>1.0</r3c3>
            </initialOrientationMatrix>
            <rotationAxis>
                <dofName>HU_FE</dofName>
                <minAngleRad>0.0</minAngleRad>
                <maxAngleRad>2.6179938779914944</maxAngleRad>
                <defaultAngleRad>0.0</defaultAngleRad>
                <defaultAngularVelocityRadsPerSec>0.0</defaultAngularVelocityRadsPerSec>
                <axisM>
                    <x>0.0</x>
                    <y>0.0</y>
                    <z>1.0</z>
                </axisM>
            </rotationAxis>
        </component>
        <component xsi:type="PinJoint" name="baseJoint" xmlns:xsi="http://www.w3.org/2001/XMLSchema-instance">
            <id>
                <componentType>J</componentType>
                <componentNumber>43</componentNumber>
            </id>
            <parentId>
                <componentType>S</componentType>
                <componentNumber>0</componentNumber>
            </parentId>
            <category>Human</category>
            <outboardComponentId>
                <componentType>S</componentType>
                <componentNumber>16</componentNumber>
            </outboardComponentId>
            <inboardJointCenterM>
                <x>0.0</x>
                <y>0.0</y>
                <z>0.0</z>
            </inboardJointCenterM>
            <outboardJointCenterM>
                <x>0.0</x>
                <y>0.0</y>
                <z>0.0</z>
            </outboardJointCenterM>
            <initialOrientationMatrix>
                <r1c1>1.0</r1c1>
                <r1c2>0.0</r1c2>
                <r1c3>0.0</r1c3>
                <r2c1>0.0</r2c1>
                <r2c2>1.0</r2c2>
                <r2c3>0.0</r2c3>
                <r3c1>0.0</r3c1>
                <r3c2>0.0</r3c2>
                <r3c3>1.0</r3c3>
            </initialOrientationMatrix>
            <rotationAxis>
                <dofName>BJdof1</dofName>
                <minAngleRad>-6.2832</minAngleRad>
                <maxAngleRad>6.2832</maxAngleRad>
                <defaultAngleRad>0.0</defaultAngleRad>
                <defaultAngularVelocityRadsPerSec>0.0</defaultAngularVelocityRadsPerSec>
                <axisM>
                    <x>1.0</x>
                    <y>0.0</y>
                    <z>0.0</z>
                </axisM>
            </rotationAxis>
        </component>
        <component xsi:type="Segment" name="humerus" xmlns:xsi="http://www.w3.org/2001/XMLSchema-instance">
            <id>
                <componentType>S</componentType>
                <componentNumber>14</componentNumber>
            </id>
            <category>Human</category>
            <images>
                <image>
                    <name>Skin Mesh</name>
                    <scalar>2.5</scalar>
                    <xScalar>1.0</xScalar>
                    <yScalar>1.0</yScalar>
                    <zScalar>1.0</zScalar>
                    <selected>true</selected>
                    <collisionDetection>false</collisionDetection>
                    <shape xsi:type="Mesh">
                        <xLengthM>0.0</xLengthM>
                        <yLengthM>0.0</yLengthM>
                        <zLengthM>0.0</zLengthM>
                        <imageFilename>SMupperarm_r5.obj</imageFilename>
                    </shape>
                    <transparency>0.0</transparency>
                    <offsetM>
                        <x>0.024</x>
                        <y>-0.552</y>
                        <z>-0.218</z>
                    </offsetM>
                    <orientation>
                        <r1c1>1.0</r1c1>
                        <r1c2>0.0</r1c2>
                        <r1c3>0.0</r1c3>
                        <r2c1>0.0</r2c1>
                        <r2c2>0.9702957262759965</r2c2>
                        <r2c3>-0.24192189559966773</r2c3>
                        <r3c1>-0.0</r3c1>
                        <r3c2>0.24192189559966773</r3c2>
                        <r3c3>0.9702957262759965</r3c3>
                    </orientation>
                </image>
            </images>
            <massKg>1.5218</massKg>
            <massCenterM>
                <x>0.0</x>
                <y>-0.1637</y>
                <z>0.0</z>
            </massCenterM>
            <inertiaKgM2>
                <r1c1>0.0135</r1c1>
                <r1c2>0.0</r1c2>
                <r1c3>0.0</r1c3>
                <r2c1>0.0</r2c1>
                <r2c2>0.0011</r2c2>
                <r2c3>0.0</r2c3>
                <r3c1>0.0</r3c1>
                <r3c2>0.0</r3c2>
                <r3c3>0.0135</r3c3>
            </inertiaKgM2>
            <coefficientOfFriction>0.0</coefficientOfFriction>
            <coefficientOfRestitution>0.0</coefficientOfRestitution>
            <softness>0.0</softness>
        </component>
        <component xsi:type="GimbalJoint" name="TorsoJoint" xmlns:xsi="http://www.w3.org/2001/XMLSchema-instance">
            <id>
                <componentType>J</componentType>
                <componentNumber>44</componentNumber>
            </id>
            <parentId>
                <componentType>S</componentType>
                <componentNumber>16</componentNumber>
            </parentId>
            <category>Human</category>
            <outboardComponentId>
                <componentType>S</componentType>
                <componentNumber>9</componentNumber>
            </outboardComponentId>
            <inboardJointCenterM>
                <x>0.0</x>
                <y>-0.35</y>
                <z>0.29</z>
            </inboardJointCenterM>
            <outboardJointCenterM>
                <x>0.0</x>
                <y>0.0</y>
                <z>0.0</z>
            </outboardJointCenterM>
            <initialOrientationMatrix>
                <r1c1>1.0</r1c1>
                <r1c2>0.0</r1c2>
                <r1c3>0.0</r1c3>
                <r2c1>0.0</r2c1>
                <r2c2>1.0</r2c2>
                <r2c3>0.0</r2c3>
                <r3c1>0.0</r3c1>
                <r3c2>0.0</r3c2>
                <r3c3>1.0</r3c3>
            </initialOrientationMatrix>
            <rotationAxis1>
                <dofName>xrot</dofName>
                <minAngleRad>-0.2617993877991494</minAngleRad>
                <maxAngleRad>0.2617993877991494</maxAngleRad>
                <defaultAngleRad>0.0</defaultAngleRad>
                <defaultAngularVelocityRadsPerSec>0.0</defaultAngularVelocityRadsPerSec>
                <axisM>
                    <x>1.0</x>
                    <y>0.0</y>
                    <z>0.0</z>
                </axisM>
            </rotationAxis1>
            <rotationAxis2>
                <dofName>yrot</dofName>
                <minAngleRad>-0.2617993877991494</minAngleRad>
                <maxAngleRad>0.2617993877991494</maxAngleRad>
                <defaultAngleRad>0.0</defaultAngleRad>
                <defaultAngularVelocityRadsPerSec>0.0</defaultAngularVelocityRadsPerSec>
                <axisM>
                    <x>0.0</x>
                    <y>1.0</y>
                    <z>0.0</z>
                </axisM>
            </rotationAxis2>
            <rotationAxis3>
                <dofName>zrot</dofName>
                <minAngleRad>-0.2617993877991494</minAngleRad>
                <maxAngleRad>0.2617993877991494</maxAngleRad>
                <defaultAngleRad>0.0</defaultAngleRad>
                <defaultAngularVelocityRadsPerSec>0.0</defaultAngularVelocityRadsPerSec>
                <axisM>
                    <x>0.0</x>
                    <y>0.0</y>
                    <z>1.0</z>
                </axisM>
            </rotationAxis3>
        </component>
        <component xsi:type="Segment" name="palm" xmlns:xsi="http://www.w3.org/2001/XMLSchema-instance">
            <id>
                <componentType>S</componentType>
                <componentNumber>15</componentNumber>
            </id>
            <category>Human</category>
            <images>
                <image>
                    <name>Skin Mesh</name>
                    <scalar>2.5</scalar>
                    <xScalar>1.0</xScalar>
                    <yScalar>1.0</yScalar>
                    <zScalar>1.0</zScalar>
                    <selected>true</selected>
                    <collisionDetection>false</collisionDetection>
                    <shape xsi:type="Mesh">
                        <xLengthM>0.0</xLengthM>
                        <yLengthM>0.0</yLengthM>
                        <zLengthM>0.0</zLengthM>
                        <imageFilename>RightHand.obj</imageFilename>
                    </shape>
                    <transparency>0.0</transparency>
                    <offsetM>
                        <x>0.01</x>
                        <y>-0.386</y>
                        <z>-0.123</z>
                    </offsetM>
                    <orientation>
                        <r1c1>6.123233995736766E-17</r1c1>
                        <r1c2>0.0</r1c2>
                        <r1c3>1.0</r1c3>
                        <r2c1>0.0</r2c1>
                        <r2c2>1.0</r2c2>
                        <r2c3>0.0</r2c3>
                        <r3c1>-1.0</r3c1>
                        <r3c2>0.0</r3c2>
                        <r3c3>6.123233995736766E-17</r3c3>
                    </orientation>
                </image>
            </images>
            <massKg>0.4004</massKg>
            <massCenterM>
                <x>0.0</x>
                <y>-0.0628</y>
                <z>0.0</z>
            </massCenterM>
            <inertiaKgM2>
                <r1c1>7.54E-4</r1c1>
                <r1c2>0.0</r1c2>
                <r1c3>0.0</r1c3>
                <r2c1>0.0</r2c1>
                <r2c2>2.15E-4</r2c2>
                <r2c3>0.0</r2c3>
                <r3c1>0.0</r3c1>
                <r3c2>0.0</r3c2>
                <r3c3>6.15E-4</r3c3>
            </inertiaKgM2>
            <coefficientOfFriction>0.0</coefficientOfFriction>
            <coefficientOfRestitution>0.0</coefficientOfRestitution>
            <softness>0.0</softness>
        </component>
        <component xsi:type="UJoint" name="SternoClavicularL" xmlns:xsi="http://www.w3.org/2001/XMLSchema-instance">
            <id>
                <componentType>J</componentType>
                <componentNumber>40</componentNumber>
            </id>
            <parentId>
                <componentType>S</componentType>
                <componentNumber>9</componentNumber>
            </parentId>
            <category>Human</category>
            <outboardComponentId>
                <componentType>S</componentType>
                <componentNumber>12</componentNumber>
            </outboardComponentId>
            <inboardJointCenterM>
                <x>0.09</x>
                <y>0.4</y>
                <z>-0.03</z>
            </inboardJointCenterM>
            <outboardJointCenterM>
                <x>0.0</x>
                <y>0.0</y>
                <z>0.0</z>
            </outboardJointCenterM>
            <initialOrientationMatrix>
                <r1c1>1.0</r1c1>
                <r1c2>0.0</r1c2>
                <r1c3>0.0</r1c3>
                <r2c1>0.0</r2c1>
                <r2c2>1.0</r2c2>
                <r2c3>0.0</r2c3>
                <r3c1>0.0</r3c1>
                <r3c2>0.0</r3c2>
                <r3c3>1.0</r3c3>
            </initialOrientationMatrix>
            <rotationAxis1>
                <dofName>SC_DE_L</dofName>
                <minAngleRad>-0.7853981633974483</minAngleRad>
                <maxAngleRad>0.2617993877991494</maxAngleRad>
                <defaultAngleRad>0.0</defaultAngleRad>
                <defaultAngularVelocityRadsPerSec>0.0</defaultAngularVelocityRadsPerSec>
                <axisM>
                    <x>1.0</x>
                    <y>0.0</y>
                    <z>0.0</z>
                </axisM>
            </rotationAxis1>
            <rotationAxis2>
                <dofName>SC_PR_L</dofName>
                <minAngleRad>-0.2617993950843811</minAngleRad>
                <maxAngleRad>0.2617993950843811</maxAngleRad>
                <defaultAngleRad>0.0</defaultAngleRad>
                <defaultAngularVelocityRadsPerSec>0.0</defaultAngularVelocityRadsPerSec>
                <axisM>
                    <x>0.0</x>
                    <y>1.0</y>
                    <z>0.0</z>
                </axisM>
            </rotationAxis2>
        </component>
        <component xsi:type="Segment" name="LowerBody" xmlns:xsi="http://www.w3.org/2001/XMLSchema-instance">
            <id>
                <componentType>S</componentType>
                <componentNumber>16</componentNumber>
            </id>
            <category>Human</category>
            <images>
                <image>
                    <name>Skin Mesh</name>
                    <scalar>2.5</scalar>
                    <xScalar>1.0</xScalar>
                    <yScalar>1.0</yScalar>
                    <zScalar>1.0</zScalar>
                    <selected>true</selected>
                    <collisionDetection>false</collisionDetection>
                    <shape xsi:type="Mesh">
                        <xLengthM>0.0</xLengthM>
                        <yLengthM>0.0</yLengthM>
                        <zLengthM>0.0</zLengthM>
                        <imageFilename>SMLowerBody.obj</imageFilename>
                    </shape>
                    <transparency>0.0</transparency>
                    <offsetM>
                        <x>0.026</x>
                        <y>-0.587</y>
                        <z>0.116</z>
                    </offsetM>
                    <orientation>
                        <r1c1>6.123233995736766E-17</r1c1>
                        <r1c2>0.0</r1c2>
                        <r1c3>1.0</r1c3>
                        <r2c1>0.0</r2c1>
                        <r2c2>1.0</r2c2>
                        <r2c3>0.0</r2c3>
                        <r3c1>-1.0</r3c1>
                        <r3c2>0.0</r3c2>
                        <r3c3>6.123233995736766E-17</r3c3>
                    </orientation>
                </image>
            </images>
            <massKg>0.0</massKg>
            <massCenterM>
                <x>0.0</x>
                <y>0.0</y>
                <z>0.0</z>
            </massCenterM>
            <inertiaKgM2>
                <r1c1>0.0</r1c1>
                <r1c2>0.0</r1c2>
                <r1c3>0.0</r1c3>
                <r2c1>0.0</r2c1>
                <r2c2>0.0</r2c2>
                <r2c3>0.0</r2c3>
                <r3c1>0.0</r3c1>
                <r3c2>0.0</r3c2>
                <r3c3>0.0</r3c3>
            </inertiaKgM2>
            <coefficientOfFriction>0.0</coefficientOfFriction>
            <coefficientOfRestitution>0.0</coefficientOfRestitution>
            <softness>0.0</softness>
        </component>
    </components>
</musculoskeletalModel>

