<?xml version="1.0" encoding="UTF-8" standalone="yes"?>
<musculoskeletalModel author="Joe Cool" creationDate="2006-12-18-08:00" modelName="testJAXB" version="0.1" xmlns="http://www.cgtechnical.com/ami/genericModel/mstns">
    <components>
        <component xsi:type="GimbalJoint" name="TableJoint" xmlns:xsi="http://www.w3.org/2001/XMLSchema-instance">
            <id>
                <componentType>J</componentType>
                <componentNumber>92</componentNumber>
            </id>
            <parentId>
                <componentType>S</componentType>
                <componentNumber>0</componentNumber>
            </parentId>
            <category>World</category>
            <outboardComponentId>
                <componentType>S</componentType>
                <componentNumber>102</componentNumber>
            </outboardComponentId>
            <inboardJointCenterM>
                <x>1.062</x>
                <y>-1.49</y>
                <z>1.1</z>
            </inboardJointCenterM>
            <outboardJointCenterM>
                <x>0.0</x>
                <y>0.0</y>
                <z>0.0</z>
            </outboardJointCenterM>
            <initialOrientationMatrix>
                <r1c1>6.123233995736766E-17</r1c1>
                <r1c2>0.0</r1c2>
                <r1c3>-1.0</r1c3>
                <r2c1>0.0</r2c1>
                <r2c2>1.0</r2c2>
                <r2c3>0.0</r2c3>
                <r3c1>1.0</r3c1>
                <r3c2>0.0</r3c2>
                <r3c3>6.123233995736766E-17</r3c3>
            </initialOrientationMatrix>
            <rotationAxis1>
                <dofName>TJdof1</dofName>
                <minAngleRad>-6.2832</minAngleRad>
                <maxAngleRad>6.2832</maxAngleRad>
                <defaultAngleRad>0.0</defaultAngleRad>
                <defaultAngularVelocityRadsPerSec>0.0</defaultAngularVelocityRadsPerSec>
                <axisM>
                    <x>1.0</x>
                    <y>0.0</y>
                    <z>0.0</z>
                </axisM>
            </rotationAxis1>
            <rotationAxis2>
                <dofName>TJdof2</dofName>
                <minAngleRad>-6.2832</minAngleRad>
                <maxAngleRad>6.2832</maxAngleRad>
                <defaultAngleRad>0.0</defaultAngleRad>
                <defaultAngularVelocityRadsPerSec>0.0</defaultAngularVelocityRadsPerSec>
                <axisM>
                    <x>0.0</x>
                    <y>1.0</y>
                    <z>0.0</z>
                </axisM>
            </rotationAxis2>
            <rotationAxis3>
                <dofName>TJdof3</dofName>
                <minAngleRad>-6.2832</minAngleRad>
                <maxAngleRad>6.2832</maxAngleRad>
                <defaultAngleRad>0.0</defaultAngleRad>
                <defaultAngularVelocityRadsPerSec>0.0</defaultAngularVelocityRadsPerSec>
                <axisM>
                    <x>0.0</x>
                    <y>0.0</y>
                    <z>1.0</z>
                </axisM>
            </rotationAxis3>
        </component>
        <component xsi:type="Segment" name="Sphere" xmlns:xsi="http://www.w3.org/2001/XMLSchema-instance">
            <id>
                <componentType>S</componentType>
                <componentNumber>6</componentNumber>
            </id>
            <category>World</category>
            <images>
                <image>
                    <name>Sphere</name>
                    <scalar>0.018</scalar>
                    <xScalar>1.0</xScalar>
                    <yScalar>1.0</yScalar>
                    <zScalar>1.0</zScalar>
                    <selected>true</selected>
                    <collisionDetection>true</collisionDetection>
                    <shape xsi:type="Mesh">
                        <xLengthM>1.0</xLengthM>
                        <yLengthM>1.0</yLengthM>
                        <zLengthM>1.0</zLengthM>
                        <imageFilename>sphereg.obj</imageFilename>
                    </shape>
                    <transparency>0.0</transparency>
                    <offsetM>
                        <x>0.0</x>
                        <y>0.0</y>
                        <z>0.0</z>
                    </offsetM>
                    <orientation>
                        <r1c1>1.0</r1c1>
                        <r1c2>0.0</r1c2>
                        <r1c3>0.0</r1c3>
                        <r2c1>0.0</r2c1>
                        <r2c2>1.0</r2c2>
                        <r2c3>0.0</r2c3>
                        <r3c1>0.0</r3c1>
                        <r3c2>0.0</r3c2>
                        <r3c3>1.0</r3c3>
                    </orientation>
                </image>
            </images>
            <massKg>0.0</massKg>
            <massCenterM>
                <x>0.0</x>
                <y>0.0</y>
                <z>0.0</z>
            </massCenterM>
            <inertiaKgM2>
                <r1c1>7.54E-4</r1c1>
                <r1c2>0.0</r1c2>
                <r1c3>0.0</r1c3>
                <r2c1>0.0</r2c1>
                <r2c2>2.15E-4</r2c2>
                <r2c3>0.0</r2c3>
                <r3c1>0.0</r3c1>
                <r3c2>0.0</r3c2>
                <r3c3>6.15E-4</r3c3>
            </inertiaKgM2>
            <coefficientOfFriction>0.0</coefficientOfFriction>
            <coefficientOfRestitution>0.0</coefficientOfRestitution>
            <softness>0.0</softness>
        </component>
        <component xsi:type="Segment" name="Chair" xmlns:xsi="http://www.w3.org/2001/XMLSchema-instance">
            <id>
                <componentType>S</componentType>
                <componentNumber>100</componentNumber>
            </id>
            <category>World</category>
            <images>
                <image>
                    <name>Chair</name>
                    <scalar>0.11</scalar>
                    <xScalar>1.0</xScalar>
                    <yScalar>1.0</yScalar>
                    <zScalar>1.0</zScalar>
                    <selected>true</selected>
                    <collisionDetection>false</collisionDetection>
                    <shape xsi:type="Mesh">
                        <xLengthM>1.0</xLengthM>
                        <yLengthM>1.0</yLengthM>
                        <zLengthM>1.0</zLengthM>
                        <imageFilename>chair.obj</imageFilename>
                    </shape>
                    <transparency>0.7</transparency>
                    <offsetM>
                        <x>0.0</x>
                        <y>0.0</y>
                        <z>0.0</z>
                    </offsetM>
                    <orientation>
                        <r1c1>1.0</r1c1>
                        <r1c2>0.0</r1c2>
                        <r1c3>0.0</r1c3>
                        <r2c1>0.0</r2c1>
                        <r2c2>1.0</r2c2>
                        <r2c3>0.0</r2c3>
                        <r3c1>0.0</r3c1>
                        <r3c2>0.0</r3c2>
                        <r3c3>1.0</r3c3>
                    </orientation>
                </image>
            </images>
            <massKg>0.0</massKg>
            <massCenterM>
                <x>0.0</x>
                <y>0.0</y>
                <z>0.0</z>
            </massCenterM>
            <inertiaKgM2>
                <r1c1>7.54E-4</r1c1>
                <r1c2>0.0</r1c2>
                <r1c3>0.0</r1c3>
                <r2c1>0.0</r2c1>
                <r2c2>2.15E-4</r2c2>
                <r2c3>0.0</r2c3>
                <r3c1>0.0</r3c1>
                <r3c2>0.0</r3c2>
                <r3c3>6.15E-4</r3c3>
            </inertiaKgM2>
            <coefficientOfFriction>0.0</coefficientOfFriction>
            <coefficientOfRestitution>0.0</coefficientOfRestitution>
            <softness>0.0</softness>
        </component>
        <component xsi:type="GimbalJoint" name="SphereJoint" xmlns:xsi="http://www.w3.org/2001/XMLSchema-instance">
            <id>
                <componentType>J</componentType>
                <componentNumber>200</componentNumber>
            </id>
            <parentId>
                <componentType>S</componentType>
                <componentNumber>0</componentNumber>
            </parentId>
            <category>World</category>
            <outboardComponentId>
                <componentType>S</componentType>
                <componentNumber>6</componentNumber>
            </outboardComponentId>
            <inboardJointCenterM>
                <x>0.5</x>
                <y>-0.575</y>
                <z>0.0</z>
            </inboardJointCenterM>
            <outboardJointCenterM>
                <x>0.0</x>
                <y>0.0</y>
                <z>0.0</z>
            </outboardJointCenterM>
            <initialOrientationMatrix>
                <r1c1>1.0</r1c1>
                <r1c2>0.0</r1c2>
                <r1c3>0.0</r1c3>
                <r2c1>0.0</r2c1>
                <r2c2>1.0</r2c2>
                <r2c3>0.0</r2c3>
                <r3c1>0.0</r3c1>
                <r3c2>0.0</r3c2>
                <r3c3>1.0</r3c3>
            </initialOrientationMatrix>
            <rotationAxis1>
                <dofName>SJdof1</dofName>
                <minAngleRad>-6.2832</minAngleRad>
                <maxAngleRad>6.2832</maxAngleRad>
                <defaultAngleRad>0.0</defaultAngleRad>
                <defaultAngularVelocityRadsPerSec>0.0</defaultAngularVelocityRadsPerSec>
                <axisM>
                    <x>1.0</x>
                    <y>0.0</y>
                    <z>0.0</z>
                </axisM>
            </rotationAxis1>
            <rotationAxis2>
                <dofName>SJdof2</dofName>
                <minAngleRad>-6.2832</minAngleRad>
                <maxAngleRad>6.2832</maxAngleRad>
                <defaultAngleRad>0.0</defaultAngleRad>
                <defaultAngularVelocityRadsPerSec>0.0</defaultAngularVelocityRadsPerSec>
                <axisM>
                    <x>0.0</x>
                    <y>1.0</y>
                    <z>0.0</z>
                </axisM>
            </rotationAxis2>
            <rotationAxis3>
                <dofName>SJdof3</dofName>
                <minAngleRad>-6.2832</minAngleRad>
                <maxAngleRad>6.2832</maxAngleRad>
                <defaultAngleRad>0.0</defaultAngleRad>
                <defaultAngularVelocityRadsPerSec>0.0</defaultAngularVelocityRadsPerSec>
                <axisM>
                    <x>0.0</x>
                    <y>0.0</y>
                    <z>1.0</z>
                </axisM>
            </rotationAxis3>
        </component>
        <component xsi:type="GimbalJoint" name="CubeJoint" xmlns:xsi="http://www.w3.org/2001/XMLSchema-instance">
            <id>
                <componentType>J</componentType>
                <componentNumber>301</componentNumber>
            </id>
            <parentId>
                <componentType>S</componentType>
                <componentNumber>0</componentNumber>
            </parentId>
            <category>World</category>
            <outboardComponentId>
                <componentType>S</componentType>
                <componentNumber>1</componentNumber>
            </outboardComponentId>
            <inboardJointCenterM>
                <x>0.4</x>
                <y>-0.59</y>
                <z>0.0</z>
            </inboardJointCenterM>
            <outboardJointCenterM>
                <x>0.0</x>
                <y>0.0</y>
                <z>0.0</z>
            </outboardJointCenterM>
            <initialOrientationMatrix>
                <r1c1>1.0</r1c1>
                <r1c2>0.0</r1c2>
                <r1c3>0.0</r1c3>
                <r2c1>0.0</r2c1>
                <r2c2>1.0</r2c2>
                <r2c3>0.0</r2c3>
                <r3c1>0.0</r3c1>
                <r3c2>0.0</r3c2>
                <r3c3>1.0</r3c3>
            </initialOrientationMatrix>
            <rotationAxis1>
                <dofName>CuJdof1</dofName>
                <minAngleRad>-6.2832</minAngleRad>
                <maxAngleRad>6.2832</maxAngleRad>
                <defaultAngleRad>0.0</defaultAngleRad>
                <defaultAngularVelocityRadsPerSec>0.0</defaultAngularVelocityRadsPerSec>
                <axisM>
                    <x>1.0</x>
                    <y>0.0</y>
                    <z>0.0</z>
                </axisM>
            </rotationAxis1>
            <rotationAxis2>
                <dofName>CuJdof2</dofName>
                <minAngleRad>-6.2832</minAngleRad>
                <maxAngleRad>6.2832</maxAngleRad>
                <defaultAngleRad>0.0</defaultAngleRad>
                <defaultAngularVelocityRadsPerSec>0.0</defaultAngularVelocityRadsPerSec>
                <axisM>
                    <x>0.0</x>
                    <y>1.0</y>
                    <z>0.0</z>
                </axisM>
            </rotationAxis2>
            <rotationAxis3>
                <dofName>CuJdof3</dofName>
                <minAngleRad>-6.2832</minAngleRad>
                <maxAngleRad>6.2832</maxAngleRad>
                <defaultAngleRad>0.0</defaultAngleRad>
                <defaultAngularVelocityRadsPerSec>0.0</defaultAngularVelocityRadsPerSec>
                <axisM>
                    <x>0.0</x>
                    <y>0.0</y>
                    <z>1.0</z>
                </axisM>
            </rotationAxis3>
        </component>
        <component xsi:type="Segment" name="Cylinder" xmlns:xsi="http://www.w3.org/2001/XMLSchema-instance">
            <id>
                <componentType>S</componentType>
                <componentNumber>7</componentNumber>
            </id>
            <category>World</category>
            <images>
                <image>
                    <name>Cylinder</name>
                    <scalar>0.018</scalar>
                    <xScalar>1.0</xScalar>
                    <yScalar>1.0</yScalar>
                    <zScalar>1.0</zScalar>
                    <selected>true</selected>
                    <collisionDetection>true</collisionDetection>
                    <shape xsi:type="Mesh">
                        <xLengthM>1.0</xLengthM>
                        <yLengthM>1.0</yLengthM>
                        <zLengthM>1.0</zLengthM>
                        <imageFilename>cylinder.obj</imageFilename>
                    </shape>
                    <transparency>0.0</transparency>
                    <offsetM>
                        <x>0.0</x>
                        <y>0.0</y>
                        <z>0.0</z>
                    </offsetM>
                    <orientation>
                        <r1c1>1.0</r1c1>
                        <r1c2>0.0</r1c2>
                        <r1c3>0.0</r1c3>
                        <r2c1>0.0</r2c1>
                        <r2c2>1.0</r2c2>
                        <r2c3>0.0</r2c3>
                        <r3c1>0.0</r3c1>
                        <r3c2>0.0</r3c2>
                        <r3c3>1.0</r3c3>
                    </orientation>
                </image>
            </images>
            <massKg>0.0</massKg>
            <massCenterM>
                <x>0.0</x>
                <y>0.0</y>
                <z>0.0</z>
            </massCenterM>
            <inertiaKgM2>
                <r1c1>7.54E-4</r1c1>
                <r1c2>0.0</r1c2>
                <r1c3>0.0</r1c3>
                <r2c1>0.0</r2c1>
                <r2c2>2.15E-4</r2c2>
                <r2c3>0.0</r2c3>
                <r3c1>0.0</r3c1>
                <r3c2>0.0</r3c2>
                <r3c3>6.15E-4</r3c3>
            </inertiaKgM2>
            <coefficientOfFriction>0.0</coefficientOfFriction>
            <coefficientOfRestitution>0.0</coefficientOfRestitution>
            <softness>0.0</softness>
        </component>
        <component xsi:type="Segment" name="Floor" xmlns:xsi="http://www.w3.org/2001/XMLSchema-instance">
            <id>
                <componentType>S</componentType>
                <componentNumber>101</componentNumber>
            </id>
            <category>World</category>
            <images>
                <image>
                    <name>Floor</name>
                    <scalar>0.16</scalar>
                    <xScalar>1.0</xScalar>
                    <yScalar>0.04</yScalar>
                    <zScalar>1.0</zScalar>
                    <selected>true</selected>
                    <collisionDetection>false</collisionDetection>
                    <shape xsi:type="Mesh">
                        <xLengthM>0.0</xLengthM>
                        <yLengthM>0.0</yLengthM>
                        <zLengthM>0.0</zLengthM>
                        <imageFilename>floor2.obj</imageFilename>
                    </shape>
                    <transparency>0.0</transparency>
                    <offsetM>
                        <x>0.0</x>
                        <y>0.0</y>
                        <z>0.0</z>
                    </offsetM>
                    <orientation>
                        <r1c1>1.0</r1c1>
                        <r1c2>0.0</r1c2>
                        <r1c3>0.0</r1c3>
                        <r2c1>0.0</r2c1>
                        <r2c2>1.0</r2c2>
                        <r2c3>0.0</r2c3>
                        <r3c1>0.0</r3c1>
                        <r3c2>0.0</r3c2>
                        <r3c3>1.0</r3c3>
                    </orientation>
                </image>
            </images>
            <massKg>0.0</massKg>
            <massCenterM>
                <x>0.0</x>
                <y>0.0</y>
                <z>0.0</z>
            </massCenterM>
            <inertiaKgM2>
                <r1c1>7.54E-4</r1c1>
                <r1c2>0.0</r1c2>
                <r1c3>0.0</r1c3>
                <r2c1>0.0</r2c1>
                <r2c2>2.15E-4</r2c2>
                <r2c3>0.0</r2c3>
                <r3c1>0.0</r3c1>
                <r3c2>0.0</r3c2>
                <r3c3>6.15E-4</r3c3>
            </inertiaKgM2>
            <coefficientOfFriction>0.0</coefficientOfFriction>
            <coefficientOfRestitution>0.0</coefficientOfRestitution>
            <softness>0.0</softness>
        </component>
        <component xsi:type="Segment" name="Table" xmlns:xsi="http://www.w3.org/2001/XMLSchema-instance">
            <id>
                <componentType>S</componentType>
                <componentNumber>102</componentNumber>
            </id>
            <category>World</category>
            <images>
                <image>
                    <name>Table</name>
                    <scalar>0.03</scalar>
                    <xScalar>1.0</xScalar>
                    <yScalar>1.0</yScalar>
                    <zScalar>1.0</zScalar>
                    <selected>true</selected>
                    <collisionDetection>false</collisionDetection>
                    <shape xsi:type="Mesh">
                        <xLengthM>1.0</xLengthM>
                        <yLengthM>1.0</yLengthM>
                        <zLengthM>1.0</zLengthM>
                        <imageFilename>desk.obj</imageFilename>
                    </shape>
                    <transparency>0.7</transparency>
                    <offsetM>
                        <x>0.0</x>
                        <y>0.0</y>
                        <z>0.0</z>
                    </offsetM>
                    <orientation>
                        <r1c1>1.0</r1c1>
                        <r1c2>0.0</r1c2>
                        <r1c3>0.0</r1c3>
                        <r2c1>0.0</r2c1>
                        <r2c2>1.0</r2c2>
                        <r2c3>0.0</r2c3>
                        <r3c1>0.0</r3c1>
                        <r3c2>0.0</r3c2>
                        <r3c3>1.0</r3c3>
                    </orientation>
                </image>
            </images>
            <massKg>0.0</massKg>
            <massCenterM>
                <x>0.0</x>
                <y>0.0</y>
                <z>0.0</z>
            </massCenterM>
            <inertiaKgM2>
                <r1c1>7.54E-4</r1c1>
                <r1c2>0.0</r1c2>
                <r1c3>0.0</r1c3>
                <r2c1>0.0</r2c1>
                <r2c2>2.15E-4</r2c2>
                <r2c3>0.0</r2c3>
                <r3c1>0.0</r3c1>
                <r3c2>0.0</r3c2>
                <r3c3>6.15E-4</r3c3>
            </inertiaKgM2>
            <coefficientOfFriction>0.0</coefficientOfFriction>
            <coefficientOfRestitution>0.0</coefficientOfRestitution>
            <softness>0.0</softness>
        </component>
        <component xsi:type="GimbalJoint" name="FloorJoint" xmlns:xsi="http://www.w3.org/2001/XMLSchema-instance">
            <id>
                <componentType>J</componentType>
                <componentNumber>201</componentNumber>
            </id>
            <parentId>
                <componentType>S</componentType>
                <componentNumber>0</componentNumber>
            </parentId>
            <category>World</category>
            <outboardComponentId>
                <componentType>S</componentType>
                <componentNumber>101</componentNumber>
            </outboardComponentId>
            <inboardJointCenterM>
                <x>0.4</x>
                <y>-1.5</y>
                <z>0.22</z>
            </inboardJointCenterM>
            <outboardJointCenterM>
                <x>0.0</x>
                <y>0.0</y>
                <z>0.0</z>
            </outboardJointCenterM>
            <initialOrientationMatrix>
                <r1c1>6.123233995736766E-17</r1c1>
                <r1c2>0.0</r1c2>
                <r1c3>-1.0</r1c3>
                <r2c1>0.0</r2c1>
                <r2c2>1.0</r2c2>
                <r2c3>0.0</r2c3>
                <r3c1>1.0</r3c1>
                <r3c2>0.0</r3c2>
                <r3c3>6.123233995736766E-17</r3c3>
            </initialOrientationMatrix>
            <rotationAxis1>
                <dofName>FJdof1</dofName>
                <minAngleRad>-6.2832</minAngleRad>
                <maxAngleRad>6.2832</maxAngleRad>
                <defaultAngleRad>0.0</defaultAngleRad>
                <defaultAngularVelocityRadsPerSec>0.0</defaultAngularVelocityRadsPerSec>
                <axisM>
                    <x>1.0</x>
                    <y>0.0</y>
                    <z>0.0</z>
                </axisM>
            </rotationAxis1>
            <rotationAxis2>
                <dofName>FJdof2</dofName>
                <minAngleRad>-6.2832</minAngleRad>
                <maxAngleRad>6.2832</maxAngleRad>
                <defaultAngleRad>0.0</defaultAngleRad>
                <defaultAngularVelocityRadsPerSec>0.0</defaultAngularVelocityRadsPerSec>
                <axisM>
                    <x>0.0</x>
                    <y>1.0</y>
                    <z>0.0</z>
                </axisM>
            </rotationAxis2>
            <rotationAxis3>
                <dofName>FJdof3</dofName>
                <minAngleRad>-6.2832</minAngleRad>
                <maxAngleRad>6.2832</maxAngleRad>
                <defaultAngleRad>0.0</defaultAngleRad>
                <defaultAngularVelocityRadsPerSec>0.0</defaultAngularVelocityRadsPerSec>
                <axisM>
                    <x>0.0</x>
                    <y>0.0</y>
                    <z>1.0</z>
                </axisM>
            </rotationAxis3>
        </component>
        <component xsi:type="GimbalJoint" name="ChairJoint" xmlns:xsi="http://www.w3.org/2001/XMLSchema-instance">
            <id>
                <componentType>J</componentType>
                <componentNumber>300</componentNumber>
            </id>
            <parentId>
                <componentType>S</componentType>
                <componentNumber>0</componentNumber>
            </parentId>
            <category>World</category>
            <outboardComponentId>
                <componentType>S</componentType>
                <componentNumber>100</componentNumber>
            </outboardComponentId>
            <inboardJointCenterM>
                <x>-0.43</x>
                <y>-1.05</y>
                <z>0.3077</z>
            </inboardJointCenterM>
            <outboardJointCenterM>
                <x>0.0</x>
                <y>0.0</y>
                <z>0.0</z>
            </outboardJointCenterM>
            <initialOrientationMatrix>
                <r1c1>1.0</r1c1>
                <r1c2>0.0</r1c2>
                <r1c3>0.0</r1c3>
                <r2c1>0.0</r2c1>
                <r2c2>1.0</r2c2>
                <r2c3>0.0</r2c3>
                <r3c1>0.0</r3c1>
                <r3c2>0.0</r3c2>
                <r3c3>1.0</r3c3>
            </initialOrientationMatrix>
            <rotationAxis1>
                <dofName>CJdof1</dofName>
                <minAngleRad>-6.2832</minAngleRad>
                <maxAngleRad>6.2832</maxAngleRad>
                <defaultAngleRad>0.0</defaultAngleRad>
                <defaultAngularVelocityRadsPerSec>0.0</defaultAngularVelocityRadsPerSec>
                <axisM>
                    <x>1.0</x>
                    <y>0.0</y>
                    <z>0.0</z>
                </axisM>
            </rotationAxis1>
            <rotationAxis2>
                <dofName>CJdof2</dofName>
                <minAngleRad>-6.2832</minAngleRad>
                <maxAngleRad>6.2832</maxAngleRad>
                <defaultAngleRad>0.0</defaultAngleRad>
                <defaultAngularVelocityRadsPerSec>0.0</defaultAngularVelocityRadsPerSec>
                <axisM>
                    <x>0.0</x>
                    <y>1.0</y>
                    <z>0.0</z>
                </axisM>
            </rotationAxis2>
            <rotationAxis3>
                <dofName>CJdof3</dofName>
                <minAngleRad>-6.2832</minAngleRad>
                <maxAngleRad>6.2832</maxAngleRad>
                <defaultAngleRad>0.0</defaultAngleRad>
                <defaultAngularVelocityRadsPerSec>0.0</defaultAngularVelocityRadsPerSec>
                <axisM>
                    <x>0.0</x>
                    <y>0.0</y>
                    <z>1.0</z>
                </axisM>
            </rotationAxis3>
        </component>
        <component xsi:type="Segment" name="Cube" xmlns:xsi="http://www.w3.org/2001/XMLSchema-instance">
            <id>
                <componentType>S</componentType>
                <componentNumber>1</componentNumber>
            </id>
            <category>World</category>
            <images>
                <image>
                    <name>Cube</name>
                    <scalar>0.01</scalar>
                    <xScalar>1.0</xScalar>
                    <yScalar>1.0</yScalar>
                    <zScalar>1.0</zScalar>
                    <selected>true</selected>
                    <collisionDetection>true</collisionDetection>
                    <shape xsi:type="Mesh">
                        <xLengthM>1.0</xLengthM>
                        <yLengthM>1.0</yLengthM>
                        <zLengthM>1.0</zLengthM>
                        <imageFilename>cuber.obj</imageFilename>
                    </shape>
                    <transparency>0.0</transparency>
                    <offsetM>
                        <x>0.0</x>
                        <y>0.0</y>
                        <z>0.0</z>
                    </offsetM>
                    <orientation>
                        <r1c1>1.0</r1c1>
                        <r1c2>0.0</r1c2>
                        <r1c3>0.0</r1c3>
                        <r2c1>0.0</r2c1>
                        <r2c2>1.0</r2c2>
                        <r2c3>0.0</r2c3>
                        <r3c1>0.0</r3c1>
                        <r3c2>0.0</r3c2>
                        <r3c3>1.0</r3c3>
                    </orientation>
                </image>
            </images>
            <massKg>0.0</massKg>
            <massCenterM>
                <x>0.0</x>
                <y>0.0</y>
                <z>0.0</z>
            </massCenterM>
            <inertiaKgM2>
                <r1c1>7.54E-4</r1c1>
                <r1c2>0.0</r1c2>
                <r1c3>0.0</r1c3>
                <r2c1>0.0</r2c1>
                <r2c2>2.15E-4</r2c2>
                <r2c3>0.0</r2c3>
                <r3c1>0.0</r3c1>
                <r3c2>0.0</r3c2>
                <r3c3>6.15E-4</r3c3>
            </inertiaKgM2>
            <coefficientOfFriction>0.0</coefficientOfFriction>
            <coefficientOfRestitution>0.0</coefficientOfRestitution>
            <softness>0.0</softness>
        </component>
        <component xsi:type="GimbalJoint" name="CylinderJoint" xmlns:xsi="http://www.w3.org/2001/XMLSchema-instance">
            <id>
                <componentType>J</componentType>
                <componentNumber>207</componentNumber>
            </id>
            <parentId>
                <componentType>S</componentType>
                <componentNumber>0</componentNumber>
            </parentId>
            <category>World</category>
            <outboardComponentId>
                <componentType>S</componentType>
                <componentNumber>7</componentNumber>
            </outboardComponentId>
            <inboardJointCenterM>
                <x>0.4</x>
                <y>-0.577</y>
                <z>0.1</z>
            </inboardJointCenterM>
            <outboardJointCenterM>
                <x>0.0</x>
                <y>0.0</y>
                <z>0.0</z>
            </outboardJointCenterM>
            <initialOrientationMatrix>
                <r1c1>1.0</r1c1>
                <r1c2>0.0</r1c2>
                <r1c3>0.0</r1c3>
                <r2c1>0.0</r2c1>
                <r2c2>1.0</r2c2>
                <r2c3>0.0</r2c3>
                <r3c1>0.0</r3c1>
                <r3c2>0.0</r3c2>
                <r3c3>1.0</r3c3>
            </initialOrientationMatrix>
            <rotationAxis1>
                <dofName>CyJdof1</dofName>
                <minAngleRad>-6.2832</minAngleRad>
                <maxAngleRad>6.2832</maxAngleRad>
                <defaultAngleRad>0.0</defaultAngleRad>
                <defaultAngularVelocityRadsPerSec>0.0</defaultAngularVelocityRadsPerSec>
                <axisM>
                    <x>1.0</x>
                    <y>0.0</y>
                    <z>0.0</z>
                </axisM>
            </rotationAxis1>
            <rotationAxis2>
                <dofName>CyJdof2</dofName>
                <minAngleRad>-6.2832</minAngleRad>
                <maxAngleRad>6.2832</maxAngleRad>
                <defaultAngleRad>0.0</defaultAngleRad>
                <defaultAngularVelocityRadsPerSec>0.0</defaultAngularVelocityRadsPerSec>
                <axisM>
                    <x>0.0</x>
                    <y>1.0</y>
                    <z>0.0</z>
                </axisM>
            </rotationAxis2>
            <rotationAxis3>
                <dofName>CyJdof3</dofName>
                <minAngleRad>-6.2832</minAngleRad>
                <maxAngleRad>6.2832</maxAngleRad>
                <defaultAngleRad>0.0</defaultAngleRad>
                <defaultAngularVelocityRadsPerSec>0.0</defaultAngularVelocityRadsPerSec>
                <axisM>
                    <x>0.0</x>
                    <y>0.0</y>
                    <z>1.0</z>
                </axisM>
            </rotationAxis3>
        </component>
    </components>
</musculoskeletalModel>

